ISO-10303-21;
HEADER;
/* Generated by software containing ST-Developer
 * from STEP Tools, Inc. (www.steptools.com) 
 */
/* OPTION: using custom renumber hook */

FILE_DESCRIPTION(
/* description */ ('STEP AP242 Edition 2',
'CAx-IF Rec.Pracs.---Representation and Presentation of Product Manufa
cturing Information (PMI)---4.0---2014-10-13',
'CAx-IF Rec.Pracs.---3D Tessellated Geometry---0.4---2014-09-14','2;1',
'CAx-IF Rec.Pracs.---User Defined Attributes---1.5---2016-08-15'),
/* implementation_level */ '2;1');

FILE_NAME(
/* name */ 'Part Studio 1',
/* time_stamp */ '2026-08-24T22:38:05Z',
/* author */ (''),
/* organization */ (''),
/* preprocessor_version */ 'ST-DEVELOPER v20',
/* originating_system */ 'ONSHAPE BY PTC INC, 1.219',
/* authorisation */ '  ');

FILE_SCHEMA (('AP242_MANAGED_MODEL_BASED_3D_ENGINEERING_MIM_LF { 1 0 10303 442 3 1 4 }'));
ENDSEC;

DATA;
#10=SHAPE_REPRESENTATION_RELATIONSHIP('','',#3198,#29);
#11=SHAPE_REPRESENTATION_RELATIONSHIP('','',#3199,#30);
#12=SHAPE_REPRESENTATION_RELATIONSHIP('','',#3200,#31);
#13=SHAPE_REPRESENTATION_RELATIONSHIP('','',#3201,#32);
#14=SHAPE_REPRESENTATION_RELATIONSHIP('','',#3202,#33);
#15=SHAPE_REPRESENTATION_RELATIONSHIP('','',#3203,#34);
#16=SHAPE_REPRESENTATION_RELATIONSHIP('','',#3204,#35);
#17=SHAPE_REPRESENTATION_RELATIONSHIP('','',#3205,#36);
#18=SHAPE_REPRESENTATION_RELATIONSHIP('','',#3206,#37);
#19=SHAPE_REPRESENTATION_RELATIONSHIP('','',#3207,#38);
#20=SHAPE_REPRESENTATION_RELATIONSHIP('','',#3208,#39);
#21=SHAPE_REPRESENTATION_RELATIONSHIP('','',#3209,#40);
#22=SHAPE_REPRESENTATION_RELATIONSHIP('','',#3210,#41);
#23=SHAPE_REPRESENTATION_RELATIONSHIP('','',#3211,#42);
#24=SHAPE_REPRESENTATION_RELATIONSHIP('','',#3212,#43);
#25=SHAPE_REPRESENTATION_RELATIONSHIP('','',#3213,#44);
#26=SHAPE_REPRESENTATION_RELATIONSHIP('','',#3214,#45);
#27=SHAPE_REPRESENTATION_RELATIONSHIP('','',#3215,#46);
#28=SHAPE_REPRESENTATION_RELATIONSHIP('','',#3216,#47);
#29=ADVANCED_BREP_SHAPE_REPRESENTATION('',(#3160),#5200);
#30=ADVANCED_BREP_SHAPE_REPRESENTATION('',(#3161),#5201);
#31=ADVANCED_BREP_SHAPE_REPRESENTATION('',(#3162),#5202);
#32=ADVANCED_BREP_SHAPE_REPRESENTATION('',(#3163),#5203);
#33=ADVANCED_BREP_SHAPE_REPRESENTATION('',(#3164),#5204);
#34=ADVANCED_BREP_SHAPE_REPRESENTATION('',(#3165),#5205);
#35=ADVANCED_BREP_SHAPE_REPRESENTATION('',(#3166),#5206);
#36=ADVANCED_BREP_SHAPE_REPRESENTATION('',(#3167),#5207);
#37=ADVANCED_BREP_SHAPE_REPRESENTATION('',(#3168),#5208);
#38=ADVANCED_BREP_SHAPE_REPRESENTATION('',(#3169),#5209);
#39=ADVANCED_BREP_SHAPE_REPRESENTATION('',(#3170),#5210);
#40=ADVANCED_BREP_SHAPE_REPRESENTATION('',(#3171),#5211);
#41=ADVANCED_BREP_SHAPE_REPRESENTATION('',(#3172),#5212);
#42=ADVANCED_BREP_SHAPE_REPRESENTATION('',(#3173),#5213);
#43=ADVANCED_BREP_SHAPE_REPRESENTATION('',(#3174),#5214);
#44=ADVANCED_BREP_SHAPE_REPRESENTATION('',(#3175),#5215);
#45=ADVANCED_BREP_SHAPE_REPRESENTATION('',(#3176),#5216);
#46=ADVANCED_BREP_SHAPE_REPRESENTATION('',(#3177),#5217);
#47=ADVANCED_BREP_SHAPE_REPRESENTATION('',(#3178),#5218);
#48=CIRCLE('',#3220,0.0254721674194783);
#49=CIRCLE('',#3221,0.0254721674194783);
#50=CIRCLE('',#3223,0.00368885435497394);
#51=CIRCLE('',#3224,0.00368885435497394);
#52=CIRCLE('',#3226,0.00294457614619719);
#53=CIRCLE('',#3227,0.00294457614619719);
#54=CIRCLE('',#3229,0.0196819807905647);
#55=CIRCLE('',#3230,0.0196819807905647);
#56=CIRCLE('',#3233,0.00413214798191696);
#57=CIRCLE('',#3234,0.00413214798191696);
#58=CIRCLE('',#3237,0.00493204076470467);
#59=CIRCLE('',#3238,0.00493204076470467);
#60=CIRCLE('',#3240,0.0006);
#61=CIRCLE('',#3241,0.0015);
#62=CIRCLE('',#3243,0.0006);
#63=CIRCLE('',#3244,0.0015);
#64=CIRCLE('',#3251,0.0015);
#65=CIRCLE('',#3252,0.0015);
#66=CIRCLE('',#3263,0.02);
#67=CIRCLE('',#3264,0.055);
#68=CIRCLE('',#3266,0.02);
#69=CIRCLE('',#3267,0.055);
#70=CIRCLE('',#3315,0.0015);
#71=CIRCLE('',#3316,0.0015);
#72=CIRCLE('',#3318,0.002);
#73=CIRCLE('',#3319,0.002);
#74=CIRCLE('',#3328,0.0015);
#75=CIRCLE('',#3330,0.0015);
#76=CIRCLE('',#3338,0.0015);
#77=CIRCLE('',#3340,0.0015);
#78=CIRCLE('',#3344,0.01525);
#79=CIRCLE('',#3345,0.01525);
#80=CIRCLE('',#3347,0.01445);
#81=CIRCLE('',#3349,0.01445);
#82=CIRCLE('',#3378,0.0015);
#83=CIRCLE('',#3379,0.0015);
#84=CIRCLE('',#3386,0.0015);
#85=CIRCLE('',#3387,0.0015);
#86=CIRCLE('',#3389,0.002);
#87=CIRCLE('',#3390,0.002);
#88=CIRCLE('',#3395,0.0015);
#89=CIRCLE('',#3396,0.0015);
#90=CIRCLE('',#3398,0.002);
#91=CIRCLE('',#3399,0.002);
#92=CIRCLE('',#3404,0.001375);
#93=CIRCLE('',#3405,0.001375);
#94=CIRCLE('',#3410,0.0135);
#95=CIRCLE('',#3411,0.0135);
#96=CIRCLE('',#3413,0.0144);
#97=CIRCLE('',#3414,0.0144);
#98=CIRCLE('',#3430,0.0015);
#99=CIRCLE('',#3431,0.0015);
#100=CIRCLE('',#3433,0.002);
#101=CIRCLE('',#3434,0.002);
#102=CIRCLE('',#3440,0.0254721674194783);
#103=CIRCLE('',#3441,0.0254721674194783);
#104=CIRCLE('',#3443,0.00368885435497394);
#105=CIRCLE('',#3444,0.00368885435497394);
#106=CIRCLE('',#3446,0.00294457614619719);
#107=CIRCLE('',#3447,0.00294457614619719);
#108=CIRCLE('',#3449,0.0196819807905647);
#109=CIRCLE('',#3450,0.0196819807905647);
#110=CIRCLE('',#3453,0.00413214798191696);
#111=CIRCLE('',#3454,0.00413214798191696);
#112=CIRCLE('',#3457,0.00493204076470467);
#113=CIRCLE('',#3458,0.00493204076470467);
#114=CIRCLE('',#3460,0.0006);
#115=CIRCLE('',#3461,0.0015);
#116=CIRCLE('',#3463,0.0006);
#117=CIRCLE('',#3464,0.0015);
#118=CIRCLE('',#3469,0.001375);
#119=CIRCLE('',#3470,0.001375);
#120=CYLINDRICAL_SURFACE('',#3219,0.0254721674194783);
#121=CYLINDRICAL_SURFACE('',#3222,0.00368885435497394);
#122=CYLINDRICAL_SURFACE('',#3225,0.00294457614619719);
#123=CYLINDRICAL_SURFACE('',#3228,0.0196819807905647);
#124=CYLINDRICAL_SURFACE('',#3232,0.00413214798191696);
#125=CYLINDRICAL_SURFACE('',#3236,0.00493204076470467);
#126=CYLINDRICAL_SURFACE('',#3245,0.0015);
#127=CYLINDRICAL_SURFACE('',#3246,0.0006);
#128=CYLINDRICAL_SURFACE('',#3250,0.0015);
#129=CYLINDRICAL_SURFACE('',#3268,0.02);
#130=CYLINDRICAL_SURFACE('',#3269,0.055);
#131=CYLINDRICAL_SURFACE('',#3314,0.0015);
#132=CYLINDRICAL_SURFACE('',#3317,0.002);
#133=CYLINDRICAL_SURFACE('',#3329,0.0015);
#134=CYLINDRICAL_SURFACE('',#3339,0.0015);
#135=CYLINDRICAL_SURFACE('',#3343,0.01525);
#136=CYLINDRICAL_SURFACE('',#3350,0.01445);
#137=CYLINDRICAL_SURFACE('',#3377,0.0015);
#138=CYLINDRICAL_SURFACE('',#3385,0.0015);
#139=CYLINDRICAL_SURFACE('',#3388,0.002);
#140=CYLINDRICAL_SURFACE('',#3394,0.0015);
#141=CYLINDRICAL_SURFACE('',#3397,0.002);
#142=CYLINDRICAL_SURFACE('',#3403,0.001375);
#143=CYLINDRICAL_SURFACE('',#3409,0.0135);
#144=CYLINDRICAL_SURFACE('',#3412,0.0144);
#145=CYLINDRICAL_SURFACE('',#3429,0.0015);
#146=CYLINDRICAL_SURFACE('',#3432,0.002);
#147=CYLINDRICAL_SURFACE('',#3439,0.0254721674194783);
#148=CYLINDRICAL_SURFACE('',#3442,0.00368885435497394);
#149=CYLINDRICAL_SURFACE('',#3445,0.00294457614619719);
#150=CYLINDRICAL_SURFACE('',#3448,0.0196819807905647);
#151=CYLINDRICAL_SURFACE('',#3452,0.00413214798191696);
#152=CYLINDRICAL_SURFACE('',#3456,0.00493204076470467);
#153=CYLINDRICAL_SURFACE('',#3465,0.0015);
#154=CYLINDRICAL_SURFACE('',#3466,0.0006);
#155=CYLINDRICAL_SURFACE('',#3468,0.001375);
#156=ORIENTED_EDGE('',*,*,#924,.F.);
#157=ORIENTED_EDGE('',*,*,#925,.F.);
#158=ORIENTED_EDGE('',*,*,#926,.T.);
#159=ORIENTED_EDGE('',*,*,#927,.T.);
#160=ORIENTED_EDGE('',*,*,#928,.T.);
#161=ORIENTED_EDGE('',*,*,#929,.F.);
#162=ORIENTED_EDGE('',*,*,#930,.F.);
#163=ORIENTED_EDGE('',*,*,#925,.T.);
#164=ORIENTED_EDGE('',*,*,#931,.T.);
#165=ORIENTED_EDGE('',*,*,#932,.F.);
#166=ORIENTED_EDGE('',*,*,#933,.F.);
#167=ORIENTED_EDGE('',*,*,#929,.T.);
#168=ORIENTED_EDGE('',*,*,#934,.T.);
#169=ORIENTED_EDGE('',*,*,#935,.F.);
#170=ORIENTED_EDGE('',*,*,#936,.F.);
#171=ORIENTED_EDGE('',*,*,#932,.T.);
#172=ORIENTED_EDGE('',*,*,#937,.F.);
#173=ORIENTED_EDGE('',*,*,#938,.F.);
#174=ORIENTED_EDGE('',*,*,#939,.T.);
#175=ORIENTED_EDGE('',*,*,#935,.T.);
#176=ORIENTED_EDGE('',*,*,#940,.T.);
#177=ORIENTED_EDGE('',*,*,#941,.F.);
#178=ORIENTED_EDGE('',*,*,#942,.F.);
#179=ORIENTED_EDGE('',*,*,#938,.T.);
#180=ORIENTED_EDGE('',*,*,#943,.T.);
#181=ORIENTED_EDGE('',*,*,#944,.F.);
#182=ORIENTED_EDGE('',*,*,#945,.F.);
#183=ORIENTED_EDGE('',*,*,#941,.T.);
#184=ORIENTED_EDGE('',*,*,#946,.F.);
#185=ORIENTED_EDGE('',*,*,#947,.F.);
#186=ORIENTED_EDGE('',*,*,#948,.T.);
#187=ORIENTED_EDGE('',*,*,#944,.T.);
#188=ORIENTED_EDGE('',*,*,#949,.T.);
#189=ORIENTED_EDGE('',*,*,#927,.F.);
#190=ORIENTED_EDGE('',*,*,#950,.F.);
#191=ORIENTED_EDGE('',*,*,#947,.T.);
#192=ORIENTED_EDGE('',*,*,#951,.F.);
#193=ORIENTED_EDGE('',*,*,#952,.F.);
#194=ORIENTED_EDGE('',*,*,#926,.F.);
#195=ORIENTED_EDGE('',*,*,#930,.T.);
#196=ORIENTED_EDGE('',*,*,#933,.T.);
#197=ORIENTED_EDGE('',*,*,#936,.T.);
#198=ORIENTED_EDGE('',*,*,#939,.F.);
#199=ORIENTED_EDGE('',*,*,#942,.T.);
#200=ORIENTED_EDGE('',*,*,#945,.T.);
#201=ORIENTED_EDGE('',*,*,#948,.F.);
#202=ORIENTED_EDGE('',*,*,#950,.T.);
#203=ORIENTED_EDGE('',*,*,#953,.T.);
#204=ORIENTED_EDGE('',*,*,#954,.F.);
#205=ORIENTED_EDGE('',*,*,#924,.T.);
#206=ORIENTED_EDGE('',*,*,#949,.F.);
#207=ORIENTED_EDGE('',*,*,#946,.T.);
#208=ORIENTED_EDGE('',*,*,#943,.F.);
#209=ORIENTED_EDGE('',*,*,#940,.F.);
#210=ORIENTED_EDGE('',*,*,#937,.T.);
#211=ORIENTED_EDGE('',*,*,#934,.F.);
#212=ORIENTED_EDGE('',*,*,#931,.F.);
#213=ORIENTED_EDGE('',*,*,#928,.F.);
#214=ORIENTED_EDGE('',*,*,#952,.T.);
#215=ORIENTED_EDGE('',*,*,#954,.T.);
#216=ORIENTED_EDGE('',*,*,#951,.T.);
#217=ORIENTED_EDGE('',*,*,#953,.F.);
#218=ORIENTED_EDGE('',*,*,#955,.T.);
#219=ORIENTED_EDGE('',*,*,#956,.T.);
#220=ORIENTED_EDGE('',*,*,#957,.F.);
#221=ORIENTED_EDGE('',*,*,#958,.T.);
#222=ORIENTED_EDGE('',*,*,#959,.F.);
#223=ORIENTED_EDGE('',*,*,#960,.F.);
#224=ORIENTED_EDGE('',*,*,#961,.F.);
#225=ORIENTED_EDGE('',*,*,#962,.T.);
#226=ORIENTED_EDGE('',*,*,#963,.T.);
#227=ORIENTED_EDGE('',*,*,#964,.F.);
#228=ORIENTED_EDGE('',*,*,#965,.F.);
#229=ORIENTED_EDGE('',*,*,#962,.F.);
#230=ORIENTED_EDGE('',*,*,#966,.F.);
#231=ORIENTED_EDGE('',*,*,#957,.T.);
#232=ORIENTED_EDGE('',*,*,#963,.F.);
#233=ORIENTED_EDGE('',*,*,#961,.T.);
#234=ORIENTED_EDGE('',*,*,#967,.F.);
#235=ORIENTED_EDGE('',*,*,#958,.F.);
#236=ORIENTED_EDGE('',*,*,#966,.T.);
#237=ORIENTED_EDGE('',*,*,#960,.T.);
#238=ORIENTED_EDGE('',*,*,#968,.T.);
#239=ORIENTED_EDGE('',*,*,#955,.F.);
#240=ORIENTED_EDGE('',*,*,#967,.T.);
#241=ORIENTED_EDGE('',*,*,#956,.F.);
#242=ORIENTED_EDGE('',*,*,#968,.F.);
#243=ORIENTED_EDGE('',*,*,#959,.T.);
#244=ORIENTED_EDGE('',*,*,#965,.T.);
#245=ORIENTED_EDGE('',*,*,#964,.T.);
#246=ORIENTED_EDGE('',*,*,#969,.T.);
#247=ORIENTED_EDGE('',*,*,#970,.F.);
#248=ORIENTED_EDGE('',*,*,#971,.F.);
#249=ORIENTED_EDGE('',*,*,#972,.T.);
#250=ORIENTED_EDGE('',*,*,#973,.F.);
#251=ORIENTED_EDGE('',*,*,#974,.T.);
#252=ORIENTED_EDGE('',*,*,#975,.T.);
#253=ORIENTED_EDGE('',*,*,#976,.F.);
#254=ORIENTED_EDGE('',*,*,#977,.F.);
#255=ORIENTED_EDGE('',*,*,#978,.F.);
#256=ORIENTED_EDGE('',*,*,#979,.T.);
#257=ORIENTED_EDGE('',*,*,#980,.T.);
#258=ORIENTED_EDGE('',*,*,#981,.F.);
#259=ORIENTED_EDGE('',*,*,#982,.T.);
#260=ORIENTED_EDGE('',*,*,#983,.T.);
#261=ORIENTED_EDGE('',*,*,#984,.F.);
#262=ORIENTED_EDGE('',*,*,#985,.F.);
#263=ORIENTED_EDGE('',*,*,#986,.F.);
#264=ORIENTED_EDGE('',*,*,#987,.T.);
#265=ORIENTED_EDGE('',*,*,#988,.T.);
#266=ORIENTED_EDGE('',*,*,#989,.T.);
#267=ORIENTED_EDGE('',*,*,#990,.T.);
#268=ORIENTED_EDGE('',*,*,#991,.F.);
#269=ORIENTED_EDGE('',*,*,#992,.F.);
#270=ORIENTED_EDGE('',*,*,#993,.T.);
#271=ORIENTED_EDGE('',*,*,#994,.F.);
#272=ORIENTED_EDGE('',*,*,#995,.F.);
#273=ORIENTED_EDGE('',*,*,#996,.T.);
#274=ORIENTED_EDGE('',*,*,#997,.T.);
#275=ORIENTED_EDGE('',*,*,#998,.T.);
#276=ORIENTED_EDGE('',*,*,#999,.F.);
#277=ORIENTED_EDGE('',*,*,#1000,.F.);
#278=ORIENTED_EDGE('',*,*,#1001,.F.);
#279=ORIENTED_EDGE('',*,*,#1002,.T.);
#280=ORIENTED_EDGE('',*,*,#1003,.F.);
#281=ORIENTED_EDGE('',*,*,#1004,.T.);
#282=ORIENTED_EDGE('',*,*,#1005,.T.);
#283=ORIENTED_EDGE('',*,*,#1006,.F.);
#284=ORIENTED_EDGE('',*,*,#1007,.F.);
#285=ORIENTED_EDGE('',*,*,#1008,.T.);
#286=ORIENTED_EDGE('',*,*,#1009,.T.);
#287=ORIENTED_EDGE('',*,*,#1010,.F.);
#288=ORIENTED_EDGE('',*,*,#969,.F.);
#289=ORIENTED_EDGE('',*,*,#1011,.T.);
#290=ORIENTED_EDGE('',*,*,#977,.T.);
#291=ORIENTED_EDGE('',*,*,#1012,.F.);
#292=ORIENTED_EDGE('',*,*,#1013,.F.);
#293=ORIENTED_EDGE('',*,*,#985,.T.);
#294=ORIENTED_EDGE('',*,*,#1014,.T.);
#295=ORIENTED_EDGE('',*,*,#993,.F.);
#296=ORIENTED_EDGE('',*,*,#1015,.F.);
#297=ORIENTED_EDGE('',*,*,#1016,.T.);
#298=ORIENTED_EDGE('',*,*,#1017,.T.);
#299=ORIENTED_EDGE('',*,*,#1018,.F.);
#300=ORIENTED_EDGE('',*,*,#1019,.T.);
#301=ORIENTED_EDGE('',*,*,#1020,.F.);
#302=ORIENTED_EDGE('',*,*,#1021,.F.);
#303=ORIENTED_EDGE('',*,*,#1022,.T.);
#304=ORIENTED_EDGE('',*,*,#1023,.T.);
#305=ORIENTED_EDGE('',*,*,#1024,.F.);
#306=ORIENTED_EDGE('',*,*,#1001,.T.);
#307=ORIENTED_EDGE('',*,*,#1019,.F.);
#308=ORIENTED_EDGE('',*,*,#1002,.F.);
#309=ORIENTED_EDGE('',*,*,#1020,.T.);
#310=ORIENTED_EDGE('',*,*,#1004,.F.);
#311=ORIENTED_EDGE('',*,*,#1025,.F.);
#312=ORIENTED_EDGE('',*,*,#1015,.T.);
#313=ORIENTED_EDGE('',*,*,#1026,.T.);
#314=ORIENTED_EDGE('',*,*,#1003,.T.);
#315=ORIENTED_EDGE('',*,*,#1027,.F.);
#316=ORIENTED_EDGE('',*,*,#1016,.F.);
#317=ORIENTED_EDGE('',*,*,#1025,.T.);
#318=ORIENTED_EDGE('',*,*,#1006,.T.);
#319=ORIENTED_EDGE('',*,*,#1028,.F.);
#320=ORIENTED_EDGE('',*,*,#1017,.F.);
#321=ORIENTED_EDGE('',*,*,#1027,.T.);
#322=ORIENTED_EDGE('',*,*,#1005,.F.);
#323=ORIENTED_EDGE('',*,*,#1026,.F.);
#324=ORIENTED_EDGE('',*,*,#1018,.T.);
#325=ORIENTED_EDGE('',*,*,#1028,.T.);
#326=ORIENTED_EDGE('',*,*,#1008,.F.);
#327=ORIENTED_EDGE('',*,*,#1029,.F.);
#328=ORIENTED_EDGE('',*,*,#1021,.T.);
#329=ORIENTED_EDGE('',*,*,#1030,.T.);
#330=ORIENTED_EDGE('',*,*,#1007,.T.);
#331=ORIENTED_EDGE('',*,*,#1031,.F.);
#332=ORIENTED_EDGE('',*,*,#1022,.F.);
#333=ORIENTED_EDGE('',*,*,#1029,.T.);
#334=ORIENTED_EDGE('',*,*,#1010,.T.);
#335=ORIENTED_EDGE('',*,*,#1032,.F.);
#336=ORIENTED_EDGE('',*,*,#1023,.F.);
#337=ORIENTED_EDGE('',*,*,#1031,.T.);
#338=ORIENTED_EDGE('',*,*,#1009,.F.);
#339=ORIENTED_EDGE('',*,*,#1030,.F.);
#340=ORIENTED_EDGE('',*,*,#1024,.T.);
#341=ORIENTED_EDGE('',*,*,#1032,.T.);
#342=ORIENTED_EDGE('',*,*,#1013,.T.);
#343=ORIENTED_EDGE('',*,*,#996,.F.);
#344=ORIENTED_EDGE('',*,*,#1033,.F.);
#345=ORIENTED_EDGE('',*,*,#986,.T.);
#346=ORIENTED_EDGE('',*,*,#1014,.F.);
#347=ORIENTED_EDGE('',*,*,#988,.F.);
#348=ORIENTED_EDGE('',*,*,#1034,.T.);
#349=ORIENTED_EDGE('',*,*,#994,.T.);
#350=ORIENTED_EDGE('',*,*,#987,.F.);
#351=ORIENTED_EDGE('',*,*,#1033,.T.);
#352=ORIENTED_EDGE('',*,*,#995,.T.);
#353=ORIENTED_EDGE('',*,*,#1034,.F.);
#354=ORIENTED_EDGE('',*,*,#1035,.T.);
#355=ORIENTED_EDGE('',*,*,#997,.F.);
#356=ORIENTED_EDGE('',*,*,#1036,.F.);
#357=ORIENTED_EDGE('',*,*,#990,.F.);
#358=ORIENTED_EDGE('',*,*,#991,.T.);
#359=ORIENTED_EDGE('',*,*,#1036,.T.);
#360=ORIENTED_EDGE('',*,*,#1000,.T.);
#361=ORIENTED_EDGE('',*,*,#1037,.F.);
#362=ORIENTED_EDGE('',*,*,#992,.T.);
#363=ORIENTED_EDGE('',*,*,#1037,.T.);
#364=ORIENTED_EDGE('',*,*,#999,.T.);
#365=ORIENTED_EDGE('',*,*,#1038,.F.);
#366=ORIENTED_EDGE('',*,*,#1038,.T.);
#367=ORIENTED_EDGE('',*,*,#998,.F.);
#368=ORIENTED_EDGE('',*,*,#1035,.F.);
#369=ORIENTED_EDGE('',*,*,#989,.F.);
#370=ORIENTED_EDGE('',*,*,#1011,.F.);
#371=ORIENTED_EDGE('',*,*,#972,.F.);
#372=ORIENTED_EDGE('',*,*,#1039,.T.);
#373=ORIENTED_EDGE('',*,*,#978,.T.);
#374=ORIENTED_EDGE('',*,*,#1012,.T.);
#375=ORIENTED_EDGE('',*,*,#980,.F.);
#376=ORIENTED_EDGE('',*,*,#1040,.F.);
#377=ORIENTED_EDGE('',*,*,#970,.T.);
#378=ORIENTED_EDGE('',*,*,#1039,.F.);
#379=ORIENTED_EDGE('',*,*,#971,.T.);
#380=ORIENTED_EDGE('',*,*,#1040,.T.);
#381=ORIENTED_EDGE('',*,*,#979,.F.);
#382=ORIENTED_EDGE('',*,*,#973,.T.);
#383=ORIENTED_EDGE('',*,*,#1041,.T.);
#384=ORIENTED_EDGE('',*,*,#982,.F.);
#385=ORIENTED_EDGE('',*,*,#1042,.F.);
#386=ORIENTED_EDGE('',*,*,#1042,.T.);
#387=ORIENTED_EDGE('',*,*,#981,.T.);
#388=ORIENTED_EDGE('',*,*,#1043,.F.);
#389=ORIENTED_EDGE('',*,*,#974,.F.);
#390=ORIENTED_EDGE('',*,*,#1043,.T.);
#391=ORIENTED_EDGE('',*,*,#984,.T.);
#392=ORIENTED_EDGE('',*,*,#1044,.F.);
#393=ORIENTED_EDGE('',*,*,#975,.F.);
#394=ORIENTED_EDGE('',*,*,#976,.T.);
#395=ORIENTED_EDGE('',*,*,#1044,.T.);
#396=ORIENTED_EDGE('',*,*,#983,.F.);
#397=ORIENTED_EDGE('',*,*,#1041,.F.);
#398=ORIENTED_EDGE('',*,*,#1045,.F.);
#399=ORIENTED_EDGE('',*,*,#1046,.F.);
#400=ORIENTED_EDGE('',*,*,#1047,.F.);
#401=ORIENTED_EDGE('',*,*,#1048,.T.);
#402=ORIENTED_EDGE('',*,*,#1049,.T.);
#403=ORIENTED_EDGE('',*,*,#1050,.T.);
#404=ORIENTED_EDGE('',*,*,#1051,.F.);
#405=ORIENTED_EDGE('',*,*,#1052,.F.);
#406=ORIENTED_EDGE('',*,*,#1053,.T.);
#407=ORIENTED_EDGE('',*,*,#1054,.T.);
#408=ORIENTED_EDGE('',*,*,#1055,.T.);
#409=ORIENTED_EDGE('',*,*,#1056,.F.);
#410=ORIENTED_EDGE('',*,*,#1057,.T.);
#411=ORIENTED_EDGE('',*,*,#1058,.F.);
#412=ORIENTED_EDGE('',*,*,#1059,.T.);
#413=ORIENTED_EDGE('',*,*,#1060,.T.);
#414=ORIENTED_EDGE('',*,*,#1061,.F.);
#415=ORIENTED_EDGE('',*,*,#1062,.T.);
#416=ORIENTED_EDGE('',*,*,#1063,.T.);
#417=ORIENTED_EDGE('',*,*,#1064,.F.);
#418=ORIENTED_EDGE('',*,*,#1055,.F.);
#419=ORIENTED_EDGE('',*,*,#1065,.T.);
#420=ORIENTED_EDGE('',*,*,#1066,.F.);
#421=ORIENTED_EDGE('',*,*,#1067,.T.);
#422=ORIENTED_EDGE('',*,*,#1048,.F.);
#423=ORIENTED_EDGE('',*,*,#1068,.T.);
#424=ORIENTED_EDGE('',*,*,#1069,.T.);
#425=ORIENTED_EDGE('',*,*,#1062,.F.);
#426=ORIENTED_EDGE('',*,*,#1070,.F.);
#427=ORIENTED_EDGE('',*,*,#1071,.F.);
#428=ORIENTED_EDGE('',*,*,#1072,.F.);
#429=ORIENTED_EDGE('',*,*,#1070,.T.);
#430=ORIENTED_EDGE('',*,*,#1061,.T.);
#431=ORIENTED_EDGE('',*,*,#1073,.T.);
#432=ORIENTED_EDGE('',*,*,#1074,.T.);
#433=ORIENTED_EDGE('',*,*,#1075,.F.);
#434=ORIENTED_EDGE('',*,*,#1068,.F.);
#435=ORIENTED_EDGE('',*,*,#1047,.T.);
#436=ORIENTED_EDGE('',*,*,#1076,.T.);
#437=ORIENTED_EDGE('',*,*,#1063,.F.);
#438=ORIENTED_EDGE('',*,*,#1069,.F.);
#439=ORIENTED_EDGE('',*,*,#1075,.T.);
#440=ORIENTED_EDGE('',*,*,#1077,.T.);
#441=ORIENTED_EDGE('',*,*,#1078,.T.);
#442=ORIENTED_EDGE('',*,*,#1056,.T.);
#443=ORIENTED_EDGE('',*,*,#1064,.T.);
#444=ORIENTED_EDGE('',*,*,#1076,.F.);
#445=ORIENTED_EDGE('',*,*,#1074,.F.);
#446=ORIENTED_EDGE('',*,*,#1046,.T.);
#447=ORIENTED_EDGE('',*,*,#1079,.F.);
#448=ORIENTED_EDGE('',*,*,#1058,.T.);
#449=ORIENTED_EDGE('',*,*,#1080,.F.);
#450=ORIENTED_EDGE('',*,*,#1081,.F.);
#451=ORIENTED_EDGE('',*,*,#1082,.T.);
#452=ORIENTED_EDGE('',*,*,#1057,.F.);
#453=ORIENTED_EDGE('',*,*,#1078,.F.);
#454=ORIENTED_EDGE('',*,*,#1083,.T.);
#455=ORIENTED_EDGE('',*,*,#1080,.T.);
#456=ORIENTED_EDGE('',*,*,#1045,.T.);
#457=ORIENTED_EDGE('',*,*,#1084,.F.);
#458=ORIENTED_EDGE('',*,*,#1085,.F.);
#459=ORIENTED_EDGE('',*,*,#1079,.T.);
#460=ORIENTED_EDGE('',*,*,#1052,.T.);
#461=ORIENTED_EDGE('',*,*,#1086,.F.);
#462=ORIENTED_EDGE('',*,*,#1087,.F.);
#463=ORIENTED_EDGE('',*,*,#1084,.T.);
#464=ORIENTED_EDGE('',*,*,#1051,.T.);
#465=ORIENTED_EDGE('',*,*,#1088,.F.);
#466=ORIENTED_EDGE('',*,*,#1089,.F.);
#467=ORIENTED_EDGE('',*,*,#1086,.T.);
#468=ORIENTED_EDGE('',*,*,#1050,.F.);
#469=ORIENTED_EDGE('',*,*,#1090,.F.);
#470=ORIENTED_EDGE('',*,*,#1091,.T.);
#471=ORIENTED_EDGE('',*,*,#1088,.T.);
#472=ORIENTED_EDGE('',*,*,#1049,.F.);
#473=ORIENTED_EDGE('',*,*,#1067,.F.);
#474=ORIENTED_EDGE('',*,*,#1092,.T.);
#475=ORIENTED_EDGE('',*,*,#1090,.T.);
#476=ORIENTED_EDGE('',*,*,#1072,.T.);
#477=ORIENTED_EDGE('',*,*,#1093,.F.);
#478=ORIENTED_EDGE('',*,*,#1094,.F.);
#479=ORIENTED_EDGE('',*,*,#1071,.T.);
#480=ORIENTED_EDGE('',*,*,#1095,.T.);
#481=ORIENTED_EDGE('',*,*,#1093,.T.);
#482=ORIENTED_EDGE('',*,*,#1073,.F.);
#483=ORIENTED_EDGE('',*,*,#1060,.F.);
#484=ORIENTED_EDGE('',*,*,#1054,.F.);
#485=ORIENTED_EDGE('',*,*,#1096,.F.);
#486=ORIENTED_EDGE('',*,*,#1097,.T.);
#487=ORIENTED_EDGE('',*,*,#1065,.F.);
#488=ORIENTED_EDGE('',*,*,#1053,.F.);
#489=ORIENTED_EDGE('',*,*,#1082,.F.);
#490=ORIENTED_EDGE('',*,*,#1098,.T.);
#491=ORIENTED_EDGE('',*,*,#1096,.T.);
#492=ORIENTED_EDGE('',*,*,#1097,.F.);
#493=ORIENTED_EDGE('',*,*,#1098,.F.);
#494=ORIENTED_EDGE('',*,*,#1081,.T.);
#495=ORIENTED_EDGE('',*,*,#1083,.F.);
#496=ORIENTED_EDGE('',*,*,#1077,.F.);
#497=ORIENTED_EDGE('',*,*,#1085,.T.);
#498=ORIENTED_EDGE('',*,*,#1087,.T.);
#499=ORIENTED_EDGE('',*,*,#1089,.T.);
#500=ORIENTED_EDGE('',*,*,#1091,.F.);
#501=ORIENTED_EDGE('',*,*,#1092,.F.);
#502=ORIENTED_EDGE('',*,*,#1066,.T.);
#503=ORIENTED_EDGE('',*,*,#1094,.T.);
#504=ORIENTED_EDGE('',*,*,#1095,.F.);
#505=ORIENTED_EDGE('',*,*,#1059,.F.);
#506=ORIENTED_EDGE('',*,*,#1099,.T.);
#507=ORIENTED_EDGE('',*,*,#1100,.F.);
#508=ORIENTED_EDGE('',*,*,#1101,.F.);
#509=ORIENTED_EDGE('',*,*,#1102,.T.);
#510=ORIENTED_EDGE('',*,*,#1099,.F.);
#511=ORIENTED_EDGE('',*,*,#1101,.T.);
#512=ORIENTED_EDGE('',*,*,#1100,.T.);
#513=ORIENTED_EDGE('',*,*,#1102,.F.);
#514=ORIENTED_EDGE('',*,*,#1103,.F.);
#515=ORIENTED_EDGE('',*,*,#1104,.F.);
#516=ORIENTED_EDGE('',*,*,#1105,.F.);
#517=ORIENTED_EDGE('',*,*,#1106,.T.);
#518=ORIENTED_EDGE('',*,*,#1107,.T.);
#519=ORIENTED_EDGE('',*,*,#1108,.T.);
#520=ORIENTED_EDGE('',*,*,#1109,.F.);
#521=ORIENTED_EDGE('',*,*,#1110,.T.);
#522=ORIENTED_EDGE('',*,*,#1111,.F.);
#523=ORIENTED_EDGE('',*,*,#1107,.F.);
#524=ORIENTED_EDGE('',*,*,#1112,.F.);
#525=ORIENTED_EDGE('',*,*,#1104,.T.);
#526=ORIENTED_EDGE('',*,*,#1109,.T.);
#527=ORIENTED_EDGE('',*,*,#1113,.T.);
#528=ORIENTED_EDGE('',*,*,#1106,.F.);
#529=ORIENTED_EDGE('',*,*,#1114,.T.);
#530=ORIENTED_EDGE('',*,*,#1115,.T.);
#531=ORIENTED_EDGE('',*,*,#1110,.F.);
#532=ORIENTED_EDGE('',*,*,#1114,.F.);
#533=ORIENTED_EDGE('',*,*,#1105,.T.);
#534=ORIENTED_EDGE('',*,*,#1112,.T.);
#535=ORIENTED_EDGE('',*,*,#1116,.T.);
#536=ORIENTED_EDGE('',*,*,#1115,.F.);
#537=ORIENTED_EDGE('',*,*,#1103,.T.);
#538=ORIENTED_EDGE('',*,*,#1113,.F.);
#539=ORIENTED_EDGE('',*,*,#1108,.F.);
#540=ORIENTED_EDGE('',*,*,#1111,.T.);
#541=ORIENTED_EDGE('',*,*,#1116,.F.);
#542=ORIENTED_EDGE('',*,*,#1117,.F.);
#543=ORIENTED_EDGE('',*,*,#1118,.T.);
#544=ORIENTED_EDGE('',*,*,#1119,.F.);
#545=ORIENTED_EDGE('',*,*,#1120,.F.);
#546=ORIENTED_EDGE('',*,*,#1121,.F.);
#547=ORIENTED_EDGE('',*,*,#1122,.T.);
#548=ORIENTED_EDGE('',*,*,#1123,.T.);
#549=ORIENTED_EDGE('',*,*,#1124,.T.);
#550=ORIENTED_EDGE('',*,*,#1125,.F.);
#551=ORIENTED_EDGE('',*,*,#1121,.T.);
#552=ORIENTED_EDGE('',*,*,#1126,.F.);
#553=ORIENTED_EDGE('',*,*,#1118,.F.);
#554=ORIENTED_EDGE('',*,*,#1123,.F.);
#555=ORIENTED_EDGE('',*,*,#1127,.T.);
#556=ORIENTED_EDGE('',*,*,#1120,.T.);
#557=ORIENTED_EDGE('',*,*,#1128,.T.);
#558=ORIENTED_EDGE('',*,*,#1129,.F.);
#559=ORIENTED_EDGE('',*,*,#1124,.F.);
#560=ORIENTED_EDGE('',*,*,#1128,.F.);
#561=ORIENTED_EDGE('',*,*,#1119,.T.);
#562=ORIENTED_EDGE('',*,*,#1126,.T.);
#563=ORIENTED_EDGE('',*,*,#1130,.T.);
#564=ORIENTED_EDGE('',*,*,#1129,.T.);
#565=ORIENTED_EDGE('',*,*,#1117,.T.);
#566=ORIENTED_EDGE('',*,*,#1127,.F.);
#567=ORIENTED_EDGE('',*,*,#1122,.F.);
#568=ORIENTED_EDGE('',*,*,#1125,.T.);
#569=ORIENTED_EDGE('',*,*,#1130,.F.);
#570=ORIENTED_EDGE('',*,*,#1131,.F.);
#571=ORIENTED_EDGE('',*,*,#1132,.T.);
#572=ORIENTED_EDGE('',*,*,#1133,.F.);
#573=ORIENTED_EDGE('',*,*,#1131,.T.);
#574=ORIENTED_EDGE('',*,*,#1134,.T.);
#575=ORIENTED_EDGE('',*,*,#1132,.F.);
#576=ORIENTED_EDGE('',*,*,#1133,.T.);
#577=ORIENTED_EDGE('',*,*,#1134,.F.);
#578=ORIENTED_EDGE('',*,*,#1135,.F.);
#579=ORIENTED_EDGE('',*,*,#1136,.T.);
#580=ORIENTED_EDGE('',*,*,#1137,.T.);
#581=ORIENTED_EDGE('',*,*,#1138,.T.);
#582=ORIENTED_EDGE('',*,*,#1139,.F.);
#583=ORIENTED_EDGE('',*,*,#1140,.T.);
#584=ORIENTED_EDGE('',*,*,#1141,.T.);
#585=ORIENTED_EDGE('',*,*,#1142,.F.);
#586=ORIENTED_EDGE('',*,*,#1143,.F.);
#587=ORIENTED_EDGE('',*,*,#1144,.F.);
#588=ORIENTED_EDGE('',*,*,#1145,.T.);
#589=ORIENTED_EDGE('',*,*,#1146,.F.);
#590=ORIENTED_EDGE('',*,*,#1147,.F.);
#591=ORIENTED_EDGE('',*,*,#1148,.T.);
#592=ORIENTED_EDGE('',*,*,#1149,.F.);
#593=ORIENTED_EDGE('',*,*,#1150,.T.);
#594=ORIENTED_EDGE('',*,*,#1151,.T.);
#595=ORIENTED_EDGE('',*,*,#1152,.F.);
#596=ORIENTED_EDGE('',*,*,#1153,.F.);
#597=ORIENTED_EDGE('',*,*,#1144,.T.);
#598=ORIENTED_EDGE('',*,*,#1154,.T.);
#599=ORIENTED_EDGE('',*,*,#1155,.F.);
#600=ORIENTED_EDGE('',*,*,#1156,.F.);
#601=ORIENTED_EDGE('',*,*,#1139,.T.);
#602=ORIENTED_EDGE('',*,*,#1157,.T.);
#603=ORIENTED_EDGE('',*,*,#1158,.F.);
#604=ORIENTED_EDGE('',*,*,#1151,.F.);
#605=ORIENTED_EDGE('',*,*,#1159,.T.);
#606=ORIENTED_EDGE('',*,*,#1160,.T.);
#607=ORIENTED_EDGE('',*,*,#1161,.F.);
#608=ORIENTED_EDGE('',*,*,#1162,.F.);
#609=ORIENTED_EDGE('',*,*,#1159,.F.);
#610=ORIENTED_EDGE('',*,*,#1150,.F.);
#611=ORIENTED_EDGE('',*,*,#1163,.T.);
#612=ORIENTED_EDGE('',*,*,#1164,.T.);
#613=ORIENTED_EDGE('',*,*,#1165,.T.);
#614=ORIENTED_EDGE('',*,*,#1158,.T.);
#615=ORIENTED_EDGE('',*,*,#1166,.F.);
#616=ORIENTED_EDGE('',*,*,#1167,.F.);
#617=ORIENTED_EDGE('',*,*,#1152,.T.);
#618=ORIENTED_EDGE('',*,*,#1157,.F.);
#619=ORIENTED_EDGE('',*,*,#1138,.F.);
#620=ORIENTED_EDGE('',*,*,#1168,.T.);
#621=ORIENTED_EDGE('',*,*,#1166,.T.);
#622=ORIENTED_EDGE('',*,*,#1169,.F.);
#623=ORIENTED_EDGE('',*,*,#1145,.F.);
#624=ORIENTED_EDGE('',*,*,#1153,.T.);
#625=ORIENTED_EDGE('',*,*,#1167,.T.);
#626=ORIENTED_EDGE('',*,*,#1168,.F.);
#627=ORIENTED_EDGE('',*,*,#1137,.F.);
#628=ORIENTED_EDGE('',*,*,#1170,.T.);
#629=ORIENTED_EDGE('',*,*,#1171,.T.);
#630=ORIENTED_EDGE('',*,*,#1149,.T.);
#631=ORIENTED_EDGE('',*,*,#1172,.T.);
#632=ORIENTED_EDGE('',*,*,#1173,.T.);
#633=ORIENTED_EDGE('',*,*,#1163,.F.);
#634=ORIENTED_EDGE('',*,*,#1143,.T.);
#635=ORIENTED_EDGE('',*,*,#1174,.F.);
#636=ORIENTED_EDGE('',*,*,#1175,.F.);
#637=ORIENTED_EDGE('',*,*,#1154,.F.);
#638=ORIENTED_EDGE('',*,*,#1156,.T.);
#639=ORIENTED_EDGE('',*,*,#1176,.T.);
#640=ORIENTED_EDGE('',*,*,#1177,.T.);
#641=ORIENTED_EDGE('',*,*,#1140,.F.);
#642=ORIENTED_EDGE('',*,*,#1162,.T.);
#643=ORIENTED_EDGE('',*,*,#1178,.F.);
#644=ORIENTED_EDGE('',*,*,#1179,.F.);
#645=ORIENTED_EDGE('',*,*,#1160,.F.);
#646=ORIENTED_EDGE('',*,*,#1155,.T.);
#647=ORIENTED_EDGE('',*,*,#1175,.T.);
#648=ORIENTED_EDGE('',*,*,#1180,.F.);
#649=ORIENTED_EDGE('',*,*,#1181,.T.);
#650=ORIENTED_EDGE('',*,*,#1182,.T.);
#651=ORIENTED_EDGE('',*,*,#1171,.F.);
#652=ORIENTED_EDGE('',*,*,#1183,.F.);
#653=ORIENTED_EDGE('',*,*,#1184,.T.);
#654=ORIENTED_EDGE('',*,*,#1185,.T.);
#655=ORIENTED_EDGE('',*,*,#1186,.F.);
#656=ORIENTED_EDGE('',*,*,#1176,.F.);
#657=ORIENTED_EDGE('',*,*,#1161,.T.);
#658=ORIENTED_EDGE('',*,*,#1179,.T.);
#659=ORIENTED_EDGE('',*,*,#1187,.F.);
#660=ORIENTED_EDGE('',*,*,#1188,.F.);
#661=ORIENTED_EDGE('',*,*,#1172,.F.);
#662=ORIENTED_EDGE('',*,*,#1164,.F.);
#663=ORIENTED_EDGE('',*,*,#1173,.F.);
#664=ORIENTED_EDGE('',*,*,#1188,.T.);
#665=ORIENTED_EDGE('',*,*,#1189,.T.);
#666=ORIENTED_EDGE('',*,*,#1148,.F.);
#667=ORIENTED_EDGE('',*,*,#1190,.F.);
#668=ORIENTED_EDGE('',*,*,#1180,.T.);
#669=ORIENTED_EDGE('',*,*,#1174,.T.);
#670=ORIENTED_EDGE('',*,*,#1147,.T.);
#671=ORIENTED_EDGE('',*,*,#1191,.F.);
#672=ORIENTED_EDGE('',*,*,#1181,.F.);
#673=ORIENTED_EDGE('',*,*,#1190,.T.);
#674=ORIENTED_EDGE('',*,*,#1169,.T.);
#675=ORIENTED_EDGE('',*,*,#1182,.F.);
#676=ORIENTED_EDGE('',*,*,#1191,.T.);
#677=ORIENTED_EDGE('',*,*,#1146,.T.);
#678=ORIENTED_EDGE('',*,*,#1136,.F.);
#679=ORIENTED_EDGE('',*,*,#1192,.F.);
#680=ORIENTED_EDGE('',*,*,#1183,.T.);
#681=ORIENTED_EDGE('',*,*,#1170,.F.);
#682=ORIENTED_EDGE('',*,*,#1135,.T.);
#683=ORIENTED_EDGE('',*,*,#1193,.F.);
#684=ORIENTED_EDGE('',*,*,#1184,.F.);
#685=ORIENTED_EDGE('',*,*,#1192,.T.);
#686=ORIENTED_EDGE('',*,*,#1142,.T.);
#687=ORIENTED_EDGE('',*,*,#1194,.F.);
#688=ORIENTED_EDGE('',*,*,#1185,.F.);
#689=ORIENTED_EDGE('',*,*,#1193,.T.);
#690=ORIENTED_EDGE('',*,*,#1141,.F.);
#691=ORIENTED_EDGE('',*,*,#1177,.F.);
#692=ORIENTED_EDGE('',*,*,#1186,.T.);
#693=ORIENTED_EDGE('',*,*,#1194,.T.);
#694=ORIENTED_EDGE('',*,*,#1165,.F.);
#695=ORIENTED_EDGE('',*,*,#1189,.F.);
#696=ORIENTED_EDGE('',*,*,#1187,.T.);
#697=ORIENTED_EDGE('',*,*,#1178,.T.);
#698=ORIENTED_EDGE('',*,*,#1195,.F.);
#699=ORIENTED_EDGE('',*,*,#1196,.T.);
#700=ORIENTED_EDGE('',*,*,#1197,.T.);
#701=ORIENTED_EDGE('',*,*,#1198,.T.);
#702=ORIENTED_EDGE('',*,*,#1199,.F.);
#703=ORIENTED_EDGE('',*,*,#1200,.T.);
#704=ORIENTED_EDGE('',*,*,#1201,.F.);
#705=ORIENTED_EDGE('',*,*,#1202,.F.);
#706=ORIENTED_EDGE('',*,*,#1203,.F.);
#707=ORIENTED_EDGE('',*,*,#1204,.F.);
#708=ORIENTED_EDGE('',*,*,#1205,.F.);
#709=ORIENTED_EDGE('',*,*,#1202,.T.);
#710=ORIENTED_EDGE('',*,*,#1206,.F.);
#711=ORIENTED_EDGE('',*,*,#1197,.F.);
#712=ORIENTED_EDGE('',*,*,#1200,.F.);
#713=ORIENTED_EDGE('',*,*,#1207,.T.);
#714=ORIENTED_EDGE('',*,*,#1195,.T.);
#715=ORIENTED_EDGE('',*,*,#1208,.T.);
#716=ORIENTED_EDGE('',*,*,#1203,.T.);
#717=ORIENTED_EDGE('',*,*,#1201,.T.);
#718=ORIENTED_EDGE('',*,*,#1208,.F.);
#719=ORIENTED_EDGE('',*,*,#1198,.F.);
#720=ORIENTED_EDGE('',*,*,#1206,.T.);
#721=ORIENTED_EDGE('',*,*,#1196,.F.);
#722=ORIENTED_EDGE('',*,*,#1207,.F.);
#723=ORIENTED_EDGE('',*,*,#1199,.T.);
#724=ORIENTED_EDGE('',*,*,#1205,.T.);
#725=ORIENTED_EDGE('',*,*,#1204,.T.);
#726=ORIENTED_EDGE('',*,*,#1209,.T.);
#727=ORIENTED_EDGE('',*,*,#1210,.F.);
#728=ORIENTED_EDGE('',*,*,#1211,.F.);
#729=ORIENTED_EDGE('',*,*,#1212,.T.);
#730=ORIENTED_EDGE('',*,*,#1209,.F.);
#731=ORIENTED_EDGE('',*,*,#1211,.T.);
#732=ORIENTED_EDGE('',*,*,#1210,.T.);
#733=ORIENTED_EDGE('',*,*,#1212,.F.);
#734=ORIENTED_EDGE('',*,*,#1213,.T.);
#735=ORIENTED_EDGE('',*,*,#1214,.F.);
#736=ORIENTED_EDGE('',*,*,#1215,.F.);
#737=ORIENTED_EDGE('',*,*,#1216,.T.);
#738=ORIENTED_EDGE('',*,*,#1213,.F.);
#739=ORIENTED_EDGE('',*,*,#1215,.T.);
#740=ORIENTED_EDGE('',*,*,#1214,.T.);
#741=ORIENTED_EDGE('',*,*,#1216,.F.);
#742=ORIENTED_EDGE('',*,*,#1217,.T.);
#743=ORIENTED_EDGE('',*,*,#1218,.F.);
#744=ORIENTED_EDGE('',*,*,#1217,.F.);
#745=ORIENTED_EDGE('',*,*,#1218,.T.);
#746=ORIENTED_EDGE('',*,*,#1219,.T.);
#747=ORIENTED_EDGE('',*,*,#1220,.F.);
#748=ORIENTED_EDGE('',*,*,#1221,.F.);
#749=ORIENTED_EDGE('',*,*,#1222,.T.);
#750=ORIENTED_EDGE('',*,*,#1219,.F.);
#751=ORIENTED_EDGE('',*,*,#1221,.T.);
#752=ORIENTED_EDGE('',*,*,#1220,.T.);
#753=ORIENTED_EDGE('',*,*,#1222,.F.);
#754=ORIENTED_EDGE('',*,*,#1223,.F.);
#755=ORIENTED_EDGE('',*,*,#1224,.F.);
#756=ORIENTED_EDGE('',*,*,#1225,.F.);
#757=ORIENTED_EDGE('',*,*,#1226,.T.);
#758=ORIENTED_EDGE('',*,*,#1227,.T.);
#759=ORIENTED_EDGE('',*,*,#1228,.F.);
#760=ORIENTED_EDGE('',*,*,#1229,.T.);
#761=ORIENTED_EDGE('',*,*,#1230,.F.);
#762=ORIENTED_EDGE('',*,*,#1226,.F.);
#763=ORIENTED_EDGE('',*,*,#1231,.F.);
#764=ORIENTED_EDGE('',*,*,#1232,.T.);
#765=ORIENTED_EDGE('',*,*,#1233,.T.);
#766=ORIENTED_EDGE('',*,*,#1225,.T.);
#767=ORIENTED_EDGE('',*,*,#1234,.F.);
#768=ORIENTED_EDGE('',*,*,#1235,.F.);
#769=ORIENTED_EDGE('',*,*,#1231,.T.);
#770=ORIENTED_EDGE('',*,*,#1224,.T.);
#771=ORIENTED_EDGE('',*,*,#1236,.T.);
#772=ORIENTED_EDGE('',*,*,#1237,.F.);
#773=ORIENTED_EDGE('',*,*,#1238,.F.);
#774=ORIENTED_EDGE('',*,*,#1228,.T.);
#775=ORIENTED_EDGE('',*,*,#1239,.F.);
#776=ORIENTED_EDGE('',*,*,#1240,.F.);
#777=ORIENTED_EDGE('',*,*,#1234,.T.);
#778=ORIENTED_EDGE('',*,*,#1227,.F.);
#779=ORIENTED_EDGE('',*,*,#1233,.F.);
#780=ORIENTED_EDGE('',*,*,#1241,.T.);
#781=ORIENTED_EDGE('',*,*,#1239,.T.);
#782=ORIENTED_EDGE('',*,*,#1232,.F.);
#783=ORIENTED_EDGE('',*,*,#1235,.T.);
#784=ORIENTED_EDGE('',*,*,#1240,.T.);
#785=ORIENTED_EDGE('',*,*,#1241,.F.);
#786=ORIENTED_EDGE('',*,*,#1223,.T.);
#787=ORIENTED_EDGE('',*,*,#1242,.F.);
#788=ORIENTED_EDGE('',*,*,#1243,.F.);
#789=ORIENTED_EDGE('',*,*,#1236,.F.);
#790=ORIENTED_EDGE('',*,*,#1238,.T.);
#791=ORIENTED_EDGE('',*,*,#1244,.T.);
#792=ORIENTED_EDGE('',*,*,#1245,.T.);
#793=ORIENTED_EDGE('',*,*,#1229,.F.);
#794=ORIENTED_EDGE('',*,*,#1237,.T.);
#795=ORIENTED_EDGE('',*,*,#1243,.T.);
#796=ORIENTED_EDGE('',*,*,#1246,.T.);
#797=ORIENTED_EDGE('',*,*,#1244,.F.);
#798=ORIENTED_EDGE('',*,*,#1230,.T.);
#799=ORIENTED_EDGE('',*,*,#1245,.F.);
#800=ORIENTED_EDGE('',*,*,#1246,.F.);
#801=ORIENTED_EDGE('',*,*,#1242,.T.);
#802=ORIENTED_EDGE('',*,*,#1247,.T.);
#803=ORIENTED_EDGE('',*,*,#1248,.F.);
#804=ORIENTED_EDGE('',*,*,#1249,.F.);
#805=ORIENTED_EDGE('',*,*,#1250,.T.);
#806=ORIENTED_EDGE('',*,*,#1247,.F.);
#807=ORIENTED_EDGE('',*,*,#1249,.T.);
#808=ORIENTED_EDGE('',*,*,#1248,.T.);
#809=ORIENTED_EDGE('',*,*,#1250,.F.);
#810=ORIENTED_EDGE('',*,*,#1251,.T.);
#811=ORIENTED_EDGE('',*,*,#1252,.F.);
#812=ORIENTED_EDGE('',*,*,#1253,.F.);
#813=ORIENTED_EDGE('',*,*,#1254,.T.);
#814=ORIENTED_EDGE('',*,*,#1255,.F.);
#815=ORIENTED_EDGE('',*,*,#1254,.F.);
#816=ORIENTED_EDGE('',*,*,#1256,.T.);
#817=ORIENTED_EDGE('',*,*,#1257,.T.);
#818=ORIENTED_EDGE('',*,*,#1258,.F.);
#819=ORIENTED_EDGE('',*,*,#1257,.F.);
#820=ORIENTED_EDGE('',*,*,#1259,.T.);
#821=ORIENTED_EDGE('',*,*,#1260,.T.);
#822=ORIENTED_EDGE('',*,*,#1261,.F.);
#823=ORIENTED_EDGE('',*,*,#1260,.F.);
#824=ORIENTED_EDGE('',*,*,#1262,.T.);
#825=ORIENTED_EDGE('',*,*,#1263,.T.);
#826=ORIENTED_EDGE('',*,*,#1264,.T.);
#827=ORIENTED_EDGE('',*,*,#1263,.F.);
#828=ORIENTED_EDGE('',*,*,#1265,.F.);
#829=ORIENTED_EDGE('',*,*,#1266,.T.);
#830=ORIENTED_EDGE('',*,*,#1267,.F.);
#831=ORIENTED_EDGE('',*,*,#1266,.F.);
#832=ORIENTED_EDGE('',*,*,#1268,.T.);
#833=ORIENTED_EDGE('',*,*,#1269,.T.);
#834=ORIENTED_EDGE('',*,*,#1270,.F.);
#835=ORIENTED_EDGE('',*,*,#1269,.F.);
#836=ORIENTED_EDGE('',*,*,#1271,.T.);
#837=ORIENTED_EDGE('',*,*,#1272,.T.);
#838=ORIENTED_EDGE('',*,*,#1273,.T.);
#839=ORIENTED_EDGE('',*,*,#1272,.F.);
#840=ORIENTED_EDGE('',*,*,#1274,.F.);
#841=ORIENTED_EDGE('',*,*,#1275,.T.);
#842=ORIENTED_EDGE('',*,*,#1276,.F.);
#843=ORIENTED_EDGE('',*,*,#1275,.F.);
#844=ORIENTED_EDGE('',*,*,#1277,.T.);
#845=ORIENTED_EDGE('',*,*,#1252,.T.);
#846=ORIENTED_EDGE('',*,*,#1278,.F.);
#847=ORIENTED_EDGE('',*,*,#1279,.T.);
#848=ORIENTED_EDGE('',*,*,#1253,.T.);
#849=ORIENTED_EDGE('',*,*,#1277,.F.);
#850=ORIENTED_EDGE('',*,*,#1274,.T.);
#851=ORIENTED_EDGE('',*,*,#1271,.F.);
#852=ORIENTED_EDGE('',*,*,#1268,.F.);
#853=ORIENTED_EDGE('',*,*,#1265,.T.);
#854=ORIENTED_EDGE('',*,*,#1262,.F.);
#855=ORIENTED_EDGE('',*,*,#1259,.F.);
#856=ORIENTED_EDGE('',*,*,#1256,.F.);
#857=ORIENTED_EDGE('',*,*,#1280,.T.);
#858=ORIENTED_EDGE('',*,*,#1281,.T.);
#859=ORIENTED_EDGE('',*,*,#1251,.F.);
#860=ORIENTED_EDGE('',*,*,#1255,.T.);
#861=ORIENTED_EDGE('',*,*,#1258,.T.);
#862=ORIENTED_EDGE('',*,*,#1261,.T.);
#863=ORIENTED_EDGE('',*,*,#1264,.F.);
#864=ORIENTED_EDGE('',*,*,#1267,.T.);
#865=ORIENTED_EDGE('',*,*,#1270,.T.);
#866=ORIENTED_EDGE('',*,*,#1273,.F.);
#867=ORIENTED_EDGE('',*,*,#1276,.T.);
#868=ORIENTED_EDGE('',*,*,#1279,.F.);
#869=ORIENTED_EDGE('',*,*,#1281,.F.);
#870=ORIENTED_EDGE('',*,*,#1278,.T.);
#871=ORIENTED_EDGE('',*,*,#1280,.F.);
#872=ORIENTED_EDGE('',*,*,#1282,.T.);
#873=ORIENTED_EDGE('',*,*,#1283,.F.);
#874=ORIENTED_EDGE('',*,*,#1282,.F.);
#875=ORIENTED_EDGE('',*,*,#1283,.T.);
#876=ORIENTED_EDGE('',*,*,#1284,.T.);
#877=ORIENTED_EDGE('',*,*,#1285,.T.);
#878=ORIENTED_EDGE('',*,*,#1286,.F.);
#879=ORIENTED_EDGE('',*,*,#1287,.T.);
#880=ORIENTED_EDGE('',*,*,#1288,.F.);
#881=ORIENTED_EDGE('',*,*,#1289,.F.);
#882=ORIENTED_EDGE('',*,*,#1290,.T.);
#883=ORIENTED_EDGE('',*,*,#1291,.T.);
#884=ORIENTED_EDGE('',*,*,#1289,.T.);
#885=ORIENTED_EDGE('',*,*,#1292,.F.);
#886=ORIENTED_EDGE('',*,*,#1293,.F.);
#887=ORIENTED_EDGE('',*,*,#1294,.T.);
#888=ORIENTED_EDGE('',*,*,#1290,.F.);
#889=ORIENTED_EDGE('',*,*,#1294,.F.);
#890=ORIENTED_EDGE('',*,*,#1295,.T.);
#891=ORIENTED_EDGE('',*,*,#1296,.T.);
#892=ORIENTED_EDGE('',*,*,#1291,.F.);
#893=ORIENTED_EDGE('',*,*,#1296,.F.);
#894=ORIENTED_EDGE('',*,*,#1297,.T.);
#895=ORIENTED_EDGE('',*,*,#1298,.T.);
#896=ORIENTED_EDGE('',*,*,#1287,.F.);
#897=ORIENTED_EDGE('',*,*,#1299,.T.);
#898=ORIENTED_EDGE('',*,*,#1300,.T.);
#899=ORIENTED_EDGE('',*,*,#1301,.F.);
#900=ORIENTED_EDGE('',*,*,#1288,.T.);
#901=ORIENTED_EDGE('',*,*,#1298,.F.);
#902=ORIENTED_EDGE('',*,*,#1302,.F.);
#903=ORIENTED_EDGE('',*,*,#1292,.T.);
#904=ORIENTED_EDGE('',*,*,#1293,.T.);
#905=ORIENTED_EDGE('',*,*,#1302,.T.);
#906=ORIENTED_EDGE('',*,*,#1297,.F.);
#907=ORIENTED_EDGE('',*,*,#1295,.F.);
#908=ORIENTED_EDGE('',*,*,#1284,.F.);
#909=ORIENTED_EDGE('',*,*,#1301,.T.);
#910=ORIENTED_EDGE('',*,*,#1303,.T.);
#911=ORIENTED_EDGE('',*,*,#1304,.T.);
#912=ORIENTED_EDGE('',*,*,#1299,.F.);
#913=ORIENTED_EDGE('',*,*,#1286,.T.);
#914=ORIENTED_EDGE('',*,*,#1305,.F.);
#915=ORIENTED_EDGE('',*,*,#1306,.F.);
#916=ORIENTED_EDGE('',*,*,#1300,.F.);
#917=ORIENTED_EDGE('',*,*,#1306,.T.);
#918=ORIENTED_EDGE('',*,*,#1307,.F.);
#919=ORIENTED_EDGE('',*,*,#1303,.F.);
#920=ORIENTED_EDGE('',*,*,#1285,.F.);
#921=ORIENTED_EDGE('',*,*,#1304,.F.);
#922=ORIENTED_EDGE('',*,*,#1307,.T.);
#923=ORIENTED_EDGE('',*,*,#1305,.T.);
#924=EDGE_CURVE('',#1308,#1309,#1580,.T.);
#925=EDGE_CURVE('',#1310,#1308,#1581,.T.);
#926=EDGE_CURVE('',#1310,#1311,#1582,.T.);
#927=EDGE_CURVE('',#1311,#1309,#1583,.T.);
#928=EDGE_CURVE('',#1308,#1312,#48,.T.);
#929=EDGE_CURVE('',#1313,#1312,#1584,.T.);
#930=EDGE_CURVE('',#1310,#1313,#49,.T.);
#931=EDGE_CURVE('',#1312,#1314,#50,.T.);
#932=EDGE_CURVE('',#1315,#1314,#1585,.T.);
#933=EDGE_CURVE('',#1313,#1315,#51,.T.);
#934=EDGE_CURVE('',#1314,#1316,#52,.T.);
#935=EDGE_CURVE('',#1317,#1316,#1586,.T.);
#936=EDGE_CURVE('',#1315,#1317,#53,.T.);
#937=EDGE_CURVE('',#1318,#1316,#54,.T.);
#938=EDGE_CURVE('',#1319,#1318,#1587,.T.);
#939=EDGE_CURVE('',#1319,#1317,#55,.T.);
#940=EDGE_CURVE('',#1318,#1320,#1588,.T.);
#941=EDGE_CURVE('',#1321,#1320,#1589,.T.);
#942=EDGE_CURVE('',#1319,#1321,#1590,.T.);
#943=EDGE_CURVE('',#1320,#1322,#56,.T.);
#944=EDGE_CURVE('',#1323,#1322,#1591,.T.);
#945=EDGE_CURVE('',#1321,#1323,#57,.T.);
#946=EDGE_CURVE('',#1324,#1322,#1592,.T.);
#947=EDGE_CURVE('',#1325,#1324,#1593,.T.);
#948=EDGE_CURVE('',#1325,#1323,#1594,.T.);
#949=EDGE_CURVE('',#1324,#1309,#58,.T.);
#950=EDGE_CURVE('',#1325,#1311,#59,.T.);
#951=EDGE_CURVE('',#1326,#1326,#60,.T.);
#952=EDGE_CURVE('',#1327,#1327,#61,.T.);
#953=EDGE_CURVE('',#1328,#1328,#62,.T.);
#954=EDGE_CURVE('',#1329,#1329,#63,.T.);
#955=EDGE_CURVE('',#1330,#1331,#1595,.T.);
#956=EDGE_CURVE('',#1331,#1332,#1596,.T.);
#957=EDGE_CURVE('',#1333,#1332,#1597,.T.);
#958=EDGE_CURVE('',#1333,#1330,#1598,.T.);
#959=EDGE_CURVE('',#1334,#1335,#1599,.T.);
#960=EDGE_CURVE('',#1336,#1334,#1600,.T.);
#961=EDGE_CURVE('',#1337,#1336,#1601,.T.);
#962=EDGE_CURVE('',#1337,#1335,#1602,.T.);
#963=EDGE_CURVE('',#1338,#1338,#64,.T.);
#964=EDGE_CURVE('',#1339,#1339,#65,.F.);
#965=EDGE_CURVE('',#1335,#1332,#1603,.T.);
#966=EDGE_CURVE('',#1333,#1337,#1604,.T.);
#967=EDGE_CURVE('',#1330,#1336,#1605,.T.);
#968=EDGE_CURVE('',#1334,#1331,#1606,.T.);
#969=EDGE_CURVE('',#1340,#1341,#1607,.T.);
#970=EDGE_CURVE('',#1342,#1341,#1608,.T.);
#971=EDGE_CURVE('',#1343,#1342,#1609,.T.);
#972=EDGE_CURVE('',#1343,#1340,#1610,.T.);
#973=EDGE_CURVE('',#1344,#1345,#1611,.T.);
#974=EDGE_CURVE('',#1344,#1346,#1612,.T.);
#975=EDGE_CURVE('',#1346,#1347,#1613,.T.);
#976=EDGE_CURVE('',#1345,#1347,#1614,.T.);
#977=EDGE_CURVE('',#1348,#1349,#1615,.T.);
#978=EDGE_CURVE('',#1350,#1348,#1616,.T.);
#979=EDGE_CURVE('',#1350,#1351,#1617,.T.);
#980=EDGE_CURVE('',#1351,#1349,#1618,.T.);
#981=EDGE_CURVE('',#1352,#1353,#1619,.T.);
#982=EDGE_CURVE('',#1352,#1354,#1620,.T.);
#983=EDGE_CURVE('',#1354,#1355,#1621,.T.);
#984=EDGE_CURVE('',#1353,#1355,#1622,.T.);
#985=EDGE_CURVE('',#1356,#1357,#1623,.T.);
#986=EDGE_CURVE('',#1358,#1356,#1624,.T.);
#987=EDGE_CURVE('',#1358,#1359,#1625,.T.);
#988=EDGE_CURVE('',#1359,#1357,#1626,.T.);
#989=EDGE_CURVE('',#1360,#1361,#1627,.T.);
#990=EDGE_CURVE('',#1361,#1362,#1628,.T.);
#991=EDGE_CURVE('',#1363,#1362,#1629,.T.);
#992=EDGE_CURVE('',#1360,#1363,#1630,.T.);
#993=EDGE_CURVE('',#1364,#1365,#1631,.T.);
#994=EDGE_CURVE('',#1366,#1365,#1632,.T.);
#995=EDGE_CURVE('',#1367,#1366,#1633,.T.);
#996=EDGE_CURVE('',#1367,#1364,#1634,.T.);
#997=EDGE_CURVE('',#1368,#1369,#1635,.T.);
#998=EDGE_CURVE('',#1369,#1370,#1636,.T.);
#999=EDGE_CURVE('',#1371,#1370,#1637,.T.);
#1000=EDGE_CURVE('',#1368,#1371,#1638,.T.);
#1001=EDGE_CURVE('',#1372,#1372,#66,.T.);
#1002=EDGE_CURVE('',#1373,#1373,#67,.T.);
#1003=EDGE_CURVE('',#1374,#1375,#1639,.T.);
#1004=EDGE_CURVE('',#1374,#1376,#1640,.T.);
#1005=EDGE_CURVE('',#1376,#1377,#1641,.T.);
#1006=EDGE_CURVE('',#1375,#1377,#1642,.T.);
#1007=EDGE_CURVE('',#1378,#1379,#1643,.T.);
#1008=EDGE_CURVE('',#1378,#1380,#1644,.T.);
#1009=EDGE_CURVE('',#1380,#1381,#1645,.T.);
#1010=EDGE_CURVE('',#1379,#1381,#1646,.T.);
#1011=EDGE_CURVE('',#1340,#1348,#1647,.T.);
#1012=EDGE_CURVE('',#1341,#1349,#1648,.T.);
#1013=EDGE_CURVE('',#1356,#1364,#1649,.T.);
#1014=EDGE_CURVE('',#1357,#1365,#1650,.T.);
#1015=EDGE_CURVE('',#1382,#1383,#1651,.T.);
#1016=EDGE_CURVE('',#1382,#1384,#1652,.T.);
#1017=EDGE_CURVE('',#1384,#1385,#1653,.T.);
#1018=EDGE_CURVE('',#1383,#1385,#1654,.T.);
#1019=EDGE_CURVE('',#1386,#1386,#68,.T.);
#1020=EDGE_CURVE('',#1387,#1387,#69,.T.);
#1021=EDGE_CURVE('',#1388,#1389,#1655,.T.);
#1022=EDGE_CURVE('',#1388,#1390,#1656,.T.);
#1023=EDGE_CURVE('',#1390,#1391,#1657,.T.);
#1024=EDGE_CURVE('',#1389,#1391,#1658,.T.);
#1025=EDGE_CURVE('',#1382,#1374,#1659,.T.);
#1026=EDGE_CURVE('',#1383,#1376,#1660,.T.);
#1027=EDGE_CURVE('',#1384,#1375,#1661,.T.);
#1028=EDGE_CURVE('',#1385,#1377,#1662,.T.);
#1029=EDGE_CURVE('',#1388,#1378,#1663,.T.);
#1030=EDGE_CURVE('',#1389,#1380,#1664,.T.);
#1031=EDGE_CURVE('',#1390,#1379,#1665,.T.);
#1032=EDGE_CURVE('',#1391,#1381,#1666,.T.);
#1033=EDGE_CURVE('',#1358,#1367,#1667,.T.);
#1034=EDGE_CURVE('',#1359,#1366,#1668,.T.);
#1035=EDGE_CURVE('',#1361,#1369,#1669,.T.);
#1036=EDGE_CURVE('',#1362,#1368,#1670,.T.);
#1037=EDGE_CURVE('',#1363,#1371,#1671,.T.);
#1038=EDGE_CURVE('',#1360,#1370,#1672,.T.);
#1039=EDGE_CURVE('',#1343,#1350,#1673,.T.);
#1040=EDGE_CURVE('',#1342,#1351,#1674,.T.);
#1041=EDGE_CURVE('',#1345,#1354,#1675,.T.);
#1042=EDGE_CURVE('',#1344,#1352,#1676,.T.);
#1043=EDGE_CURVE('',#1346,#1353,#1677,.T.);
#1044=EDGE_CURVE('',#1347,#1355,#1678,.T.);
#1045=EDGE_CURVE('',#1392,#1393,#1679,.T.);
#1046=EDGE_CURVE('',#1394,#1392,#1680,.T.);
#1047=EDGE_CURVE('',#1395,#1394,#1681,.T.);
#1048=EDGE_CURVE('',#1395,#1396,#1682,.T.);
#1049=EDGE_CURVE('',#1396,#1397,#1683,.T.);
#1050=EDGE_CURVE('',#1397,#1398,#1684,.T.);
#1051=EDGE_CURVE('',#1399,#1398,#1685,.T.);
#1052=EDGE_CURVE('',#1393,#1399,#1686,.T.);
#1053=EDGE_CURVE('',#1400,#1401,#1687,.T.);
#1054=EDGE_CURVE('',#1401,#1402,#1688,.T.);
#1055=EDGE_CURVE('',#1402,#1403,#1689,.T.);
#1056=EDGE_CURVE('',#1404,#1403,#1690,.T.);
#1057=EDGE_CURVE('',#1404,#1405,#1691,.T.);
#1058=EDGE_CURVE('',#1400,#1405,#1692,.T.);
#1059=EDGE_CURVE('',#1406,#1407,#1693,.T.);
#1060=EDGE_CURVE('',#1407,#1408,#1694,.T.);
#1061=EDGE_CURVE('',#1409,#1408,#1695,.T.);
#1062=EDGE_CURVE('',#1409,#1410,#1696,.T.);
#1063=EDGE_CURVE('',#1410,#1411,#1697,.T.);
#1064=EDGE_CURVE('',#1403,#1411,#1698,.T.);
#1065=EDGE_CURVE('',#1402,#1406,#1699,.T.);
#1066=EDGE_CURVE('',#1412,#1413,#1700,.T.);
#1067=EDGE_CURVE('',#1412,#1396,#1701,.T.);
#1068=EDGE_CURVE('',#1395,#1414,#1702,.T.);
#1069=EDGE_CURVE('',#1414,#1410,#1703,.T.);
#1070=EDGE_CURVE('',#1415,#1409,#1704,.T.);
#1071=EDGE_CURVE('',#1413,#1415,#1705,.T.);
#1072=EDGE_CURVE('',#1415,#1416,#1706,.T.);
#1073=EDGE_CURVE('',#1408,#1416,#1707,.T.);
#1074=EDGE_CURVE('',#1394,#1417,#1708,.T.);
#1075=EDGE_CURVE('',#1414,#1417,#1709,.T.);
#1076=EDGE_CURVE('',#1417,#1411,#1710,.T.);
#1077=EDGE_CURVE('',#1418,#1419,#1711,.T.);
#1078=EDGE_CURVE('',#1419,#1404,#1712,.T.);
#1079=EDGE_CURVE('',#1418,#1392,#1713,.T.);
#1080=EDGE_CURVE('',#1420,#1405,#1714,.T.);
#1081=EDGE_CURVE('',#1421,#1420,#1715,.T.);
#1082=EDGE_CURVE('',#1421,#1400,#1716,.T.);
#1083=EDGE_CURVE('',#1419,#1420,#1717,.T.);
#1084=EDGE_CURVE('',#1422,#1393,#1718,.T.);
#1085=EDGE_CURVE('',#1418,#1422,#1719,.T.);
#1086=EDGE_CURVE('',#1423,#1399,#1720,.T.);
#1087=EDGE_CURVE('',#1422,#1423,#1721,.T.);
#1088=EDGE_CURVE('',#1424,#1398,#1722,.T.);
#1089=EDGE_CURVE('',#1423,#1424,#1723,.T.);
#1090=EDGE_CURVE('',#1425,#1397,#1724,.T.);
#1091=EDGE_CURVE('',#1425,#1424,#1725,.T.);
#1092=EDGE_CURVE('',#1412,#1425,#1726,.T.);
#1093=EDGE_CURVE('',#1426,#1416,#1727,.T.);
#1094=EDGE_CURVE('',#1413,#1426,#1728,.T.);
#1095=EDGE_CURVE('',#1407,#1426,#1729,.T.);
#1096=EDGE_CURVE('',#1427,#1401,#1730,.T.);
#1097=EDGE_CURVE('',#1427,#1406,#1731,.T.);
#1098=EDGE_CURVE('',#1421,#1427,#1732,.T.);
#1099=EDGE_CURVE('',#1428,#1428,#70,.T.);
#1100=EDGE_CURVE('',#1429,#1429,#71,.T.);
#1101=EDGE_CURVE('',#1430,#1430,#72,.T.);
#1102=EDGE_CURVE('',#1431,#1431,#73,.T.);
#1103=EDGE_CURVE('',#1432,#1433,#1733,.T.);
#1104=EDGE_CURVE('',#1434,#1432,#1734,.T.);
#1105=EDGE_CURVE('',#1435,#1434,#1735,.T.);
#1106=EDGE_CURVE('',#1435,#1433,#1736,.T.);
#1107=EDGE_CURVE('',#1436,#1437,#1737,.T.);
#1108=EDGE_CURVE('',#1437,#1438,#1738,.T.);
#1109=EDGE_CURVE('',#1439,#1438,#1739,.T.);
#1110=EDGE_CURVE('',#1439,#1436,#1740,.T.);
#1111=EDGE_CURVE('',#1437,#1432,#1741,.T.);
#1112=EDGE_CURVE('',#1434,#1436,#1742,.T.);
#1113=EDGE_CURVE('',#1438,#1433,#1743,.T.);
#1114=EDGE_CURVE('',#1435,#1439,#1744,.T.);
#1115=EDGE_CURVE('',#1440,#1440,#74,.T.);
#1116=EDGE_CURVE('',#1441,#1441,#75,.F.);
#1117=EDGE_CURVE('',#1442,#1443,#1745,.T.);
#1118=EDGE_CURVE('',#1442,#1444,#1746,.T.);
#1119=EDGE_CURVE('',#1445,#1444,#1747,.T.);
#1120=EDGE_CURVE('',#1443,#1445,#1748,.T.);
#1121=EDGE_CURVE('',#1446,#1447,#1749,.T.);
#1122=EDGE_CURVE('',#1446,#1448,#1750,.T.);
#1123=EDGE_CURVE('',#1448,#1449,#1751,.T.);
#1124=EDGE_CURVE('',#1449,#1447,#1752,.T.);
#1125=EDGE_CURVE('',#1446,#1442,#1753,.T.);
#1126=EDGE_CURVE('',#1444,#1447,#1754,.T.);
#1127=EDGE_CURVE('',#1448,#1443,#1755,.T.);
#1128=EDGE_CURVE('',#1445,#1449,#1756,.T.);
#1129=EDGE_CURVE('',#1450,#1450,#76,.T.);
#1130=EDGE_CURVE('',#1451,#1451,#77,.F.);
#1131=EDGE_CURVE('',#1452,#1452,#78,.T.);
#1132=EDGE_CURVE('',#1453,#1453,#79,.T.);
#1133=EDGE_CURVE('',#1454,#1454,#80,.T.);
#1134=EDGE_CURVE('',#1455,#1455,#81,.T.);
#1135=EDGE_CURVE('',#1456,#1457,#1757,.T.);
#1136=EDGE_CURVE('',#1456,#1458,#1758,.T.);
#1137=EDGE_CURVE('',#1458,#1459,#1759,.T.);
#1138=EDGE_CURVE('',#1459,#1460,#1760,.T.);
#1139=EDGE_CURVE('',#1461,#1460,#1761,.T.);
#1140=EDGE_CURVE('',#1461,#1462,#1762,.T.);
#1141=EDGE_CURVE('',#1462,#1463,#1763,.T.);
#1142=EDGE_CURVE('',#1457,#1463,#1764,.T.);
#1143=EDGE_CURVE('',#1464,#1465,#1765,.T.);
#1144=EDGE_CURVE('',#1466,#1464,#1766,.T.);
#1145=EDGE_CURVE('',#1466,#1467,#1767,.T.);
#1146=EDGE_CURVE('',#1468,#1467,#1768,.T.);
#1147=EDGE_CURVE('',#1469,#1468,#1769,.T.);
#1148=EDGE_CURVE('',#1469,#1465,#1770,.T.);
#1149=EDGE_CURVE('',#1470,#1471,#1771,.T.);
#1150=EDGE_CURVE('',#1470,#1472,#1772,.T.);
#1151=EDGE_CURVE('',#1472,#1473,#1773,.T.);
#1152=EDGE_CURVE('',#1474,#1473,#1774,.T.);
#1153=EDGE_CURVE('',#1466,#1474,#1775,.T.);
#1154=EDGE_CURVE('',#1464,#1475,#1776,.T.);
#1155=EDGE_CURVE('',#1471,#1475,#1777,.T.);
#1156=EDGE_CURVE('',#1461,#1476,#1778,.T.);
#1157=EDGE_CURVE('',#1460,#1477,#1779,.T.);
#1158=EDGE_CURVE('',#1473,#1477,#1780,.T.);
#1159=EDGE_CURVE('',#1472,#1478,#1781,.T.);
#1160=EDGE_CURVE('',#1478,#1479,#1782,.T.);
#1161=EDGE_CURVE('',#1476,#1479,#1783,.T.);
#1162=EDGE_CURVE('',#1478,#1480,#1784,.T.);
#1163=EDGE_CURVE('',#1470,#1481,#1785,.T.);
#1164=EDGE_CURVE('',#1481,#1482,#1786,.T.);
#1165=EDGE_CURVE('',#1482,#1480,#1787,.T.);
#1166=EDGE_CURVE('',#1483,#1477,#1788,.T.);
#1167=EDGE_CURVE('',#1474,#1483,#1789,.T.);
#1168=EDGE_CURVE('',#1459,#1483,#1790,.T.);
#1169=EDGE_CURVE('',#1467,#1484,#1791,.T.);
#1170=EDGE_CURVE('',#1458,#1485,#1792,.T.);
#1171=EDGE_CURVE('',#1485,#1484,#1793,.T.);
#1172=EDGE_CURVE('',#1471,#1486,#1794,.T.);
#1173=EDGE_CURVE('',#1486,#1481,#1795,.T.);
#1174=EDGE_CURVE('',#1487,#1465,#1796,.T.);
#1175=EDGE_CURVE('',#1475,#1487,#1797,.T.);
#1176=EDGE_CURVE('',#1476,#1488,#1798,.T.);
#1177=EDGE_CURVE('',#1488,#1462,#1799,.T.);
#1178=EDGE_CURVE('',#1489,#1480,#1800,.T.);
#1179=EDGE_CURVE('',#1479,#1489,#1801,.T.);
#1180=EDGE_CURVE('',#1490,#1487,#1802,.T.);
#1181=EDGE_CURVE('',#1490,#1491,#1803,.T.);
#1182=EDGE_CURVE('',#1491,#1484,#1804,.T.);
#1183=EDGE_CURVE('',#1492,#1485,#1805,.T.);
#1184=EDGE_CURVE('',#1492,#1493,#1806,.T.);
#1185=EDGE_CURVE('',#1493,#1494,#1807,.T.);
#1186=EDGE_CURVE('',#1488,#1494,#1808,.T.);
#1187=EDGE_CURVE('',#1495,#1489,#1809,.T.);
#1188=EDGE_CURVE('',#1486,#1495,#1810,.T.);
#1189=EDGE_CURVE('',#1495,#1482,#1811,.T.);
#1190=EDGE_CURVE('',#1490,#1469,#1812,.T.);
#1191=EDGE_CURVE('',#1491,#1468,#1813,.T.);
#1192=EDGE_CURVE('',#1492,#1456,#1814,.T.);
#1193=EDGE_CURVE('',#1493,#1457,#1815,.T.);
#1194=EDGE_CURVE('',#1494,#1463,#1816,.T.);
#1195=EDGE_CURVE('',#1496,#1497,#1817,.T.);
#1196=EDGE_CURVE('',#1496,#1498,#1818,.T.);
#1197=EDGE_CURVE('',#1498,#1499,#1819,.T.);
#1198=EDGE_CURVE('',#1499,#1497,#1820,.T.);
#1199=EDGE_CURVE('',#1500,#1501,#1821,.T.);
#1200=EDGE_CURVE('',#1500,#1502,#1822,.T.);
#1201=EDGE_CURVE('',#1503,#1502,#1823,.T.);
#1202=EDGE_CURVE('',#1501,#1503,#1824,.T.);
#1203=EDGE_CURVE('',#1504,#1504,#82,.T.);
#1204=EDGE_CURVE('',#1505,#1505,#83,.F.);
#1205=EDGE_CURVE('',#1501,#1498,#1825,.T.);
#1206=EDGE_CURVE('',#1499,#1503,#1826,.T.);
#1207=EDGE_CURVE('',#1500,#1496,#1827,.T.);
#1208=EDGE_CURVE('',#1497,#1502,#1828,.T.);
#1209=EDGE_CURVE('',#1506,#1506,#84,.T.);
#1210=EDGE_CURVE('',#1507,#1507,#85,.T.);
#1211=EDGE_CURVE('',#1508,#1508,#86,.T.);
#1212=EDGE_CURVE('',#1509,#1509,#87,.T.);
#1213=EDGE_CURVE('',#1510,#1510,#88,.T.);
#1214=EDGE_CURVE('',#1511,#1511,#89,.T.);
#1215=EDGE_CURVE('',#1512,#1512,#90,.T.);
#1216=EDGE_CURVE('',#1513,#1513,#91,.T.);
#1217=EDGE_CURVE('',#1514,#1514,#92,.T.);
#1218=EDGE_CURVE('',#1515,#1515,#93,.T.);
#1219=EDGE_CURVE('',#1516,#1516,#94,.T.);
#1220=EDGE_CURVE('',#1517,#1517,#95,.T.);
#1221=EDGE_CURVE('',#1518,#1518,#96,.T.);
#1222=EDGE_CURVE('',#1519,#1519,#97,.T.);
#1223=EDGE_CURVE('',#1520,#1521,#1829,.T.);
#1224=EDGE_CURVE('',#1522,#1520,#1830,.T.);
#1225=EDGE_CURVE('',#1523,#1522,#1831,.T.);
#1226=EDGE_CURVE('',#1523,#1524,#1832,.T.);
#1227=EDGE_CURVE('',#1524,#1525,#1833,.T.);
#1228=EDGE_CURVE('',#1526,#1525,#1834,.T.);
#1229=EDGE_CURVE('',#1526,#1527,#1835,.T.);
#1230=EDGE_CURVE('',#1521,#1527,#1836,.T.);
#1231=EDGE_CURVE('',#1528,#1523,#1837,.T.);
#1232=EDGE_CURVE('',#1528,#1529,#1838,.T.);
#1233=EDGE_CURVE('',#1529,#1524,#1839,.T.);
#1234=EDGE_CURVE('',#1530,#1522,#1840,.T.);
#1235=EDGE_CURVE('',#1528,#1530,#1841,.T.);
#1236=EDGE_CURVE('',#1520,#1531,#1842,.T.);
#1237=EDGE_CURVE('',#1532,#1531,#1843,.T.);
#1238=EDGE_CURVE('',#1526,#1532,#1844,.T.);
#1239=EDGE_CURVE('',#1533,#1525,#1845,.T.);
#1240=EDGE_CURVE('',#1530,#1533,#1846,.T.);
#1241=EDGE_CURVE('',#1529,#1533,#1847,.T.);
#1242=EDGE_CURVE('',#1534,#1521,#1848,.T.);
#1243=EDGE_CURVE('',#1531,#1534,#1849,.T.);
#1244=EDGE_CURVE('',#1532,#1535,#1850,.T.);
#1245=EDGE_CURVE('',#1535,#1527,#1851,.T.);
#1246=EDGE_CURVE('',#1534,#1535,#1852,.T.);
#1247=EDGE_CURVE('',#1536,#1536,#98,.T.);
#1248=EDGE_CURVE('',#1537,#1537,#99,.T.);
#1249=EDGE_CURVE('',#1538,#1538,#100,.T.);
#1250=EDGE_CURVE('',#1539,#1539,#101,.T.);
#1251=EDGE_CURVE('',#1540,#1541,#1853,.T.);
#1252=EDGE_CURVE('',#1542,#1541,#1854,.T.);
#1253=EDGE_CURVE('',#1543,#1542,#1855,.T.);
#1254=EDGE_CURVE('',#1543,#1540,#1856,.T.);
#1255=EDGE_CURVE('',#1540,#1544,#102,.T.);
#1256=EDGE_CURVE('',#1543,#1545,#103,.T.);
#1257=EDGE_CURVE('',#1545,#1544,#1857,.T.);
#1258=EDGE_CURVE('',#1544,#1546,#104,.T.);
#1259=EDGE_CURVE('',#1545,#1547,#105,.T.);
#1260=EDGE_CURVE('',#1547,#1546,#1858,.T.);
#1261=EDGE_CURVE('',#1546,#1548,#106,.T.);
#1262=EDGE_CURVE('',#1547,#1549,#107,.T.);
#1263=EDGE_CURVE('',#1549,#1548,#1859,.T.);
#1264=EDGE_CURVE('',#1550,#1548,#108,.T.);
#1265=EDGE_CURVE('',#1551,#1549,#109,.T.);
#1266=EDGE_CURVE('',#1551,#1550,#1860,.T.);
#1267=EDGE_CURVE('',#1550,#1552,#1861,.T.);
#1268=EDGE_CURVE('',#1551,#1553,#1862,.T.);
#1269=EDGE_CURVE('',#1553,#1552,#1863,.T.);
#1270=EDGE_CURVE('',#1552,#1554,#110,.T.);
#1271=EDGE_CURVE('',#1553,#1555,#111,.T.);
#1272=EDGE_CURVE('',#1555,#1554,#1864,.T.);
#1273=EDGE_CURVE('',#1556,#1554,#1865,.T.);
#1274=EDGE_CURVE('',#1557,#1555,#1866,.T.);
#1275=EDGE_CURVE('',#1557,#1556,#1867,.T.);
#1276=EDGE_CURVE('',#1556,#1541,#112,.T.);
#1277=EDGE_CURVE('',#1557,#1542,#113,.T.);
#1278=EDGE_CURVE('',#1558,#1558,#114,.T.);
#1279=EDGE_CURVE('',#1559,#1559,#115,.T.);
#1280=EDGE_CURVE('',#1560,#1560,#116,.T.);
#1281=EDGE_CURVE('',#1561,#1561,#117,.T.);
#1282=EDGE_CURVE('',#1562,#1562,#118,.T.);
#1283=EDGE_CURVE('',#1563,#1563,#119,.T.);
#1284=EDGE_CURVE('',#1564,#1565,#1868,.T.);
#1285=EDGE_CURVE('',#1565,#1566,#1869,.T.);
#1286=EDGE_CURVE('',#1567,#1566,#1870,.T.);
#1287=EDGE_CURVE('',#1567,#1568,#1871,.T.);
#1288=EDGE_CURVE('',#1569,#1568,#1872,.T.);
#1289=EDGE_CURVE('',#1570,#1569,#1873,.T.);
#1290=EDGE_CURVE('',#1570,#1571,#1874,.T.);
#1291=EDGE_CURVE('',#1571,#1564,#1875,.T.);
#1292=EDGE_CURVE('',#1572,#1569,#1876,.T.);
#1293=EDGE_CURVE('',#1573,#1572,#1877,.T.);
#1294=EDGE_CURVE('',#1573,#1570,#1878,.T.);
#1295=EDGE_CURVE('',#1573,#1574,#1879,.T.);
#1296=EDGE_CURVE('',#1574,#1571,#1880,.T.);
#1297=EDGE_CURVE('',#1574,#1575,#1881,.T.);
#1298=EDGE_CURVE('',#1575,#1568,#1882,.T.);
#1299=EDGE_CURVE('',#1567,#1576,#1883,.T.);
#1300=EDGE_CURVE('',#1576,#1577,#1884,.T.);
#1301=EDGE_CURVE('',#1564,#1577,#1885,.T.);
#1302=EDGE_CURVE('',#1572,#1575,#1886,.T.);
#1303=EDGE_CURVE('',#1577,#1578,#1887,.T.);
#1304=EDGE_CURVE('',#1578,#1565,#1888,.T.);
#1305=EDGE_CURVE('',#1579,#1566,#1889,.T.);
#1306=EDGE_CURVE('',#1576,#1579,#1890,.T.);
#1307=EDGE_CURVE('',#1578,#1579,#1891,.T.);
#1308=VERTEX_POINT('',#4333);
#1309=VERTEX_POINT('',#4334);
#1310=VERTEX_POINT('',#4336);
#1311=VERTEX_POINT('',#4338);
#1312=VERTEX_POINT('',#4342);
#1313=VERTEX_POINT('',#4344);
#1314=VERTEX_POINT('',#4348);
#1315=VERTEX_POINT('',#4350);
#1316=VERTEX_POINT('',#4354);
#1317=VERTEX_POINT('',#4356);
#1318=VERTEX_POINT('',#4360);
#1319=VERTEX_POINT('',#4362);
#1320=VERTEX_POINT('',#4366);
#1321=VERTEX_POINT('',#4368);
#1322=VERTEX_POINT('',#4372);
#1323=VERTEX_POINT('',#4374);
#1324=VERTEX_POINT('',#4378);
#1325=VERTEX_POINT('',#4380);
#1326=VERTEX_POINT('',#4387);
#1327=VERTEX_POINT('',#4389);
#1328=VERTEX_POINT('',#4392);
#1329=VERTEX_POINT('',#4394);
#1330=VERTEX_POINT('',#4400);
#1331=VERTEX_POINT('',#4401);
#1332=VERTEX_POINT('',#4403);
#1333=VERTEX_POINT('',#4405);
#1334=VERTEX_POINT('',#4409);
#1335=VERTEX_POINT('',#4410);
#1336=VERTEX_POINT('',#4412);
#1337=VERTEX_POINT('',#4414);
#1338=VERTEX_POINT('',#4418);
#1339=VERTEX_POINT('',#4420);
#1340=VERTEX_POINT('',#4432);
#1341=VERTEX_POINT('',#4433);
#1342=VERTEX_POINT('',#4435);
#1343=VERTEX_POINT('',#4437);
#1344=VERTEX_POINT('',#4440);
#1345=VERTEX_POINT('',#4441);
#1346=VERTEX_POINT('',#4443);
#1347=VERTEX_POINT('',#4445);
#1348=VERTEX_POINT('',#4449);
#1349=VERTEX_POINT('',#4450);
#1350=VERTEX_POINT('',#4452);
#1351=VERTEX_POINT('',#4454);
#1352=VERTEX_POINT('',#4457);
#1353=VERTEX_POINT('',#4458);
#1354=VERTEX_POINT('',#4460);
#1355=VERTEX_POINT('',#4462);
#1356=VERTEX_POINT('',#4466);
#1357=VERTEX_POINT('',#4467);
#1358=VERTEX_POINT('',#4469);
#1359=VERTEX_POINT('',#4471);
#1360=VERTEX_POINT('',#4474);
#1361=VERTEX_POINT('',#4475);
#1362=VERTEX_POINT('',#4477);
#1363=VERTEX_POINT('',#4479);
#1364=VERTEX_POINT('',#4483);
#1365=VERTEX_POINT('',#4484);
#1366=VERTEX_POINT('',#4486);
#1367=VERTEX_POINT('',#4488);
#1368=VERTEX_POINT('',#4491);
#1369=VERTEX_POINT('',#4492);
#1370=VERTEX_POINT('',#4494);
#1371=VERTEX_POINT('',#4496);
#1372=VERTEX_POINT('',#4500);
#1373=VERTEX_POINT('',#4502);
#1374=VERTEX_POINT('',#4504);
#1375=VERTEX_POINT('',#4505);
#1376=VERTEX_POINT('',#4507);
#1377=VERTEX_POINT('',#4509);
#1378=VERTEX_POINT('',#4512);
#1379=VERTEX_POINT('',#4513);
#1380=VERTEX_POINT('',#4515);
#1381=VERTEX_POINT('',#4517);
#1382=VERTEX_POINT('',#4525);
#1383=VERTEX_POINT('',#4526);
#1384=VERTEX_POINT('',#4528);
#1385=VERTEX_POINT('',#4530);
#1386=VERTEX_POINT('',#4533);
#1387=VERTEX_POINT('',#4535);
#1388=VERTEX_POINT('',#4537);
#1389=VERTEX_POINT('',#4538);
#1390=VERTEX_POINT('',#4540);
#1391=VERTEX_POINT('',#4542);
#1392=VERTEX_POINT('',#4591);
#1393=VERTEX_POINT('',#4592);
#1394=VERTEX_POINT('',#4594);
#1395=VERTEX_POINT('',#4596);
#1396=VERTEX_POINT('',#4598);
#1397=VERTEX_POINT('',#4600);
#1398=VERTEX_POINT('',#4602);
#1399=VERTEX_POINT('',#4604);
#1400=VERTEX_POINT('',#4608);
#1401=VERTEX_POINT('',#4609);
#1402=VERTEX_POINT('',#4611);
#1403=VERTEX_POINT('',#4613);
#1404=VERTEX_POINT('',#4615);
#1405=VERTEX_POINT('',#4617);
#1406=VERTEX_POINT('',#4621);
#1407=VERTEX_POINT('',#4622);
#1408=VERTEX_POINT('',#4624);
#1409=VERTEX_POINT('',#4626);
#1410=VERTEX_POINT('',#4628);
#1411=VERTEX_POINT('',#4630);
#1412=VERTEX_POINT('',#4635);
#1413=VERTEX_POINT('',#4636);
#1414=VERTEX_POINT('',#4639);
#1415=VERTEX_POINT('',#4642);
#1416=VERTEX_POINT('',#4646);
#1417=VERTEX_POINT('',#4650);
#1418=VERTEX_POINT('',#4656);
#1419=VERTEX_POINT('',#4657);
#1420=VERTEX_POINT('',#4662);
#1421=VERTEX_POINT('',#4664);
#1422=VERTEX_POINT('',#4670);
#1423=VERTEX_POINT('',#4674);
#1424=VERTEX_POINT('',#4678);
#1425=VERTEX_POINT('',#4682);
#1426=VERTEX_POINT('',#4688);
#1427=VERTEX_POINT('',#4694);
#1428=VERTEX_POINT('',#4702);
#1429=VERTEX_POINT('',#4704);
#1430=VERTEX_POINT('',#4707);
#1431=VERTEX_POINT('',#4709);
#1432=VERTEX_POINT('',#4715);
#1433=VERTEX_POINT('',#4716);
#1434=VERTEX_POINT('',#4718);
#1435=VERTEX_POINT('',#4720);
#1436=VERTEX_POINT('',#4724);
#1437=VERTEX_POINT('',#4725);
#1438=VERTEX_POINT('',#4727);
#1439=VERTEX_POINT('',#4729);
#1440=VERTEX_POINT('',#4739);
#1441=VERTEX_POINT('',#4742);
#1442=VERTEX_POINT('',#4747);
#1443=VERTEX_POINT('',#4748);
#1444=VERTEX_POINT('',#4750);
#1445=VERTEX_POINT('',#4752);
#1446=VERTEX_POINT('',#4756);
#1447=VERTEX_POINT('',#4757);
#1448=VERTEX_POINT('',#4759);
#1449=VERTEX_POINT('',#4761);
#1450=VERTEX_POINT('',#4771);
#1451=VERTEX_POINT('',#4774);
#1452=VERTEX_POINT('',#4779);
#1453=VERTEX_POINT('',#4781);
#1454=VERTEX_POINT('',#4784);
#1455=VERTEX_POINT('',#4787);
#1456=VERTEX_POINT('',#4792);
#1457=VERTEX_POINT('',#4793);
#1458=VERTEX_POINT('',#4795);
#1459=VERTEX_POINT('',#4797);
#1460=VERTEX_POINT('',#4799);
#1461=VERTEX_POINT('',#4801);
#1462=VERTEX_POINT('',#4803);
#1463=VERTEX_POINT('',#4805);
#1464=VERTEX_POINT('',#4809);
#1465=VERTEX_POINT('',#4810);
#1466=VERTEX_POINT('',#4812);
#1467=VERTEX_POINT('',#4814);
#1468=VERTEX_POINT('',#4816);
#1469=VERTEX_POINT('',#4818);
#1470=VERTEX_POINT('',#4822);
#1471=VERTEX_POINT('',#4823);
#1472=VERTEX_POINT('',#4825);
#1473=VERTEX_POINT('',#4827);
#1474=VERTEX_POINT('',#4829);
#1475=VERTEX_POINT('',#4832);
#1476=VERTEX_POINT('',#4836);
#1477=VERTEX_POINT('',#4838);
#1478=VERTEX_POINT('',#4841);
#1479=VERTEX_POINT('',#4843);
#1480=VERTEX_POINT('',#4847);
#1481=VERTEX_POINT('',#4849);
#1482=VERTEX_POINT('',#4851);
#1483=VERTEX_POINT('',#4855);
#1484=VERTEX_POINT('',#4861);
#1485=VERTEX_POINT('',#4863);
#1486=VERTEX_POINT('',#4867);
#1487=VERTEX_POINT('',#4871);
#1488=VERTEX_POINT('',#4875);
#1489=VERTEX_POINT('',#4879);
#1490=VERTEX_POINT('',#4883);
#1491=VERTEX_POINT('',#4885);
#1492=VERTEX_POINT('',#4888);
#1493=VERTEX_POINT('',#4890);
#1494=VERTEX_POINT('',#4892);
#1495=VERTEX_POINT('',#4895);
#1496=VERTEX_POINT('',#4915);
#1497=VERTEX_POINT('',#4916);
#1498=VERTEX_POINT('',#4918);
#1499=VERTEX_POINT('',#4920);
#1500=VERTEX_POINT('',#4924);
#1501=VERTEX_POINT('',#4925);
#1502=VERTEX_POINT('',#4927);
#1503=VERTEX_POINT('',#4929);
#1504=VERTEX_POINT('',#4933);
#1505=VERTEX_POINT('',#4935);
#1506=VERTEX_POINT('',#4947);
#1507=VERTEX_POINT('',#4949);
#1508=VERTEX_POINT('',#4952);
#1509=VERTEX_POINT('',#4954);
#1510=VERTEX_POINT('',#4960);
#1511=VERTEX_POINT('',#4962);
#1512=VERTEX_POINT('',#4965);
#1513=VERTEX_POINT('',#4967);
#1514=VERTEX_POINT('',#4973);
#1515=VERTEX_POINT('',#4975);
#1516=VERTEX_POINT('',#4981);
#1517=VERTEX_POINT('',#4983);
#1518=VERTEX_POINT('',#4986);
#1519=VERTEX_POINT('',#4988);
#1520=VERTEX_POINT('',#4994);
#1521=VERTEX_POINT('',#4995);
#1522=VERTEX_POINT('',#4997);
#1523=VERTEX_POINT('',#4999);
#1524=VERTEX_POINT('',#5001);
#1525=VERTEX_POINT('',#5003);
#1526=VERTEX_POINT('',#5005);
#1527=VERTEX_POINT('',#5007);
#1528=VERTEX_POINT('',#5011);
#1529=VERTEX_POINT('',#5013);
#1530=VERTEX_POINT('',#5017);
#1531=VERTEX_POINT('',#5021);
#1532=VERTEX_POINT('',#5023);
#1533=VERTEX_POINT('',#5026);
#1534=VERTEX_POINT('',#5033);
#1535=VERTEX_POINT('',#5037);
#1536=VERTEX_POINT('',#5045);
#1537=VERTEX_POINT('',#5047);
#1538=VERTEX_POINT('',#5050);
#1539=VERTEX_POINT('',#5052);
#1540=VERTEX_POINT('',#5058);
#1541=VERTEX_POINT('',#5059);
#1542=VERTEX_POINT('',#5061);
#1543=VERTEX_POINT('',#5063);
#1544=VERTEX_POINT('',#5067);
#1545=VERTEX_POINT('',#5069);
#1546=VERTEX_POINT('',#5073);
#1547=VERTEX_POINT('',#5075);
#1548=VERTEX_POINT('',#5079);
#1549=VERTEX_POINT('',#5081);
#1550=VERTEX_POINT('',#5085);
#1551=VERTEX_POINT('',#5087);
#1552=VERTEX_POINT('',#5091);
#1553=VERTEX_POINT('',#5093);
#1554=VERTEX_POINT('',#5097);
#1555=VERTEX_POINT('',#5099);
#1556=VERTEX_POINT('',#5103);
#1557=VERTEX_POINT('',#5105);
#1558=VERTEX_POINT('',#5112);
#1559=VERTEX_POINT('',#5114);
#1560=VERTEX_POINT('',#5117);
#1561=VERTEX_POINT('',#5119);
#1562=VERTEX_POINT('',#5125);
#1563=VERTEX_POINT('',#5127);
#1564=VERTEX_POINT('',#5133);
#1565=VERTEX_POINT('',#5134);
#1566=VERTEX_POINT('',#5136);
#1567=VERTEX_POINT('',#5138);
#1568=VERTEX_POINT('',#5140);
#1569=VERTEX_POINT('',#5142);
#1570=VERTEX_POINT('',#5144);
#1571=VERTEX_POINT('',#5146);
#1572=VERTEX_POINT('',#5150);
#1573=VERTEX_POINT('',#5152);
#1574=VERTEX_POINT('',#5156);
#1575=VERTEX_POINT('',#5160);
#1576=VERTEX_POINT('',#5163);
#1577=VERTEX_POINT('',#5165);
#1578=VERTEX_POINT('',#5172);
#1579=VERTEX_POINT('',#5176);
#1580=LINE('',#4332,#1892);
#1581=LINE('',#4335,#1893);
#1582=LINE('',#4337,#1894);
#1583=LINE('',#4339,#1895);
#1584=LINE('',#4343,#1896);
#1585=LINE('',#4349,#1897);
#1586=LINE('',#4355,#1898);
#1587=LINE('',#4361,#1899);
#1588=LINE('',#4365,#1900);
#1589=LINE('',#4367,#1901);
#1590=LINE('',#4369,#1902);
#1591=LINE('',#4373,#1903);
#1592=LINE('',#4377,#1904);
#1593=LINE('',#4379,#1905);
#1594=LINE('',#4381,#1906);
#1595=LINE('',#4399,#1907);
#1596=LINE('',#4402,#1908);
#1597=LINE('',#4404,#1909);
#1598=LINE('',#4406,#1910);
#1599=LINE('',#4408,#1911);
#1600=LINE('',#4411,#1912);
#1601=LINE('',#4413,#1913);
#1602=LINE('',#4415,#1914);
#1603=LINE('',#4422,#1915);
#1604=LINE('',#4423,#1916);
#1605=LINE('',#4425,#1917);
#1606=LINE('',#4427,#1918);
#1607=LINE('',#4431,#1919);
#1608=LINE('',#4434,#1920);
#1609=LINE('',#4436,#1921);
#1610=LINE('',#4438,#1922);
#1611=LINE('',#4439,#1923);
#1612=LINE('',#4442,#1924);
#1613=LINE('',#4444,#1925);
#1614=LINE('',#4446,#1926);
#1615=LINE('',#4448,#1927);
#1616=LINE('',#4451,#1928);
#1617=LINE('',#4453,#1929);
#1618=LINE('',#4455,#1930);
#1619=LINE('',#4456,#1931);
#1620=LINE('',#4459,#1932);
#1621=LINE('',#4461,#1933);
#1622=LINE('',#4463,#1934);
#1623=LINE('',#4465,#1935);
#1624=LINE('',#4468,#1936);
#1625=LINE('',#4470,#1937);
#1626=LINE('',#4472,#1938);
#1627=LINE('',#4473,#1939);
#1628=LINE('',#4476,#1940);
#1629=LINE('',#4478,#1941);
#1630=LINE('',#4480,#1942);
#1631=LINE('',#4482,#1943);
#1632=LINE('',#4485,#1944);
#1633=LINE('',#4487,#1945);
#1634=LINE('',#4489,#1946);
#1635=LINE('',#4490,#1947);
#1636=LINE('',#4493,#1948);
#1637=LINE('',#4495,#1949);
#1638=LINE('',#4497,#1950);
#1639=LINE('',#4503,#1951);
#1640=LINE('',#4506,#1952);
#1641=LINE('',#4508,#1953);
#1642=LINE('',#4510,#1954);
#1643=LINE('',#4511,#1955);
#1644=LINE('',#4514,#1956);
#1645=LINE('',#4516,#1957);
#1646=LINE('',#4518,#1958);
#1647=LINE('',#4520,#1959);
#1648=LINE('',#4521,#1960);
#1649=LINE('',#4522,#1961);
#1650=LINE('',#4523,#1962);
#1651=LINE('',#4524,#1963);
#1652=LINE('',#4527,#1964);
#1653=LINE('',#4529,#1965);
#1654=LINE('',#4531,#1966);
#1655=LINE('',#4536,#1967);
#1656=LINE('',#4539,#1968);
#1657=LINE('',#4541,#1969);
#1658=LINE('',#4543,#1970);
#1659=LINE('',#4547,#1971);
#1660=LINE('',#4548,#1972);
#1661=LINE('',#4550,#1973);
#1662=LINE('',#4552,#1974);
#1663=LINE('',#4555,#1975);
#1664=LINE('',#4556,#1976);
#1665=LINE('',#4558,#1977);
#1666=LINE('',#4560,#1978);
#1667=LINE('',#4563,#1979);
#1668=LINE('',#4565,#1980);
#1669=LINE('',#4568,#1981);
#1670=LINE('',#4569,#1982);
#1671=LINE('',#4571,#1983);
#1672=LINE('',#4573,#1984);
#1673=LINE('',#4576,#1985);
#1674=LINE('',#4578,#1986);
#1675=LINE('',#4581,#1987);
#1676=LINE('',#4582,#1988);
#1677=LINE('',#4584,#1989);
#1678=LINE('',#4586,#1990);
#1679=LINE('',#4590,#1991);
#1680=LINE('',#4593,#1992);
#1681=LINE('',#4595,#1993);
#1682=LINE('',#4597,#1994);
#1683=LINE('',#4599,#1995);
#1684=LINE('',#4601,#1996);
#1685=LINE('',#4603,#1997);
#1686=LINE('',#4605,#1998);
#1687=LINE('',#4607,#1999);
#1688=LINE('',#4610,#2000);
#1689=LINE('',#4612,#2001);
#1690=LINE('',#4614,#2002);
#1691=LINE('',#4616,#2003);
#1692=LINE('',#4618,#2004);
#1693=LINE('',#4620,#2005);
#1694=LINE('',#4623,#2006);
#1695=LINE('',#4625,#2007);
#1696=LINE('',#4627,#2008);
#1697=LINE('',#4629,#2009);
#1698=LINE('',#4631,#2010);
#1699=LINE('',#4632,#2011);
#1700=LINE('',#4634,#2012);
#1701=LINE('',#4637,#2013);
#1702=LINE('',#4638,#2014);
#1703=LINE('',#4640,#2015);
#1704=LINE('',#4641,#2016);
#1705=LINE('',#4643,#2017);
#1706=LINE('',#4645,#2018);
#1707=LINE('',#4647,#2019);
#1708=LINE('',#4649,#2020);
#1709=LINE('',#4651,#2021);
#1710=LINE('',#4653,#2022);
#1711=LINE('',#4655,#2023);
#1712=LINE('',#4658,#2024);
#1713=LINE('',#4659,#2025);
#1714=LINE('',#4661,#2026);
#1715=LINE('',#4663,#2027);
#1716=LINE('',#4665,#2028);
#1717=LINE('',#4667,#2029);
#1718=LINE('',#4669,#2030);
#1719=LINE('',#4671,#2031);
#1720=LINE('',#4673,#2032);
#1721=LINE('',#4675,#2033);
#1722=LINE('',#4677,#2034);
#1723=LINE('',#4679,#2035);
#1724=LINE('',#4681,#2036);
#1725=LINE('',#4683,#2037);
#1726=LINE('',#4685,#2038);
#1727=LINE('',#4687,#2039);
#1728=LINE('',#4689,#2040);
#1729=LINE('',#4691,#2041);
#1730=LINE('',#4693,#2042);
#1731=LINE('',#4695,#2043);
#1732=LINE('',#4697,#2044);
#1733=LINE('',#4714,#2045);
#1734=LINE('',#4717,#2046);
#1735=LINE('',#4719,#2047);
#1736=LINE('',#4721,#2048);
#1737=LINE('',#4723,#2049);
#1738=LINE('',#4726,#2050);
#1739=LINE('',#4728,#2051);
#1740=LINE('',#4730,#2052);
#1741=LINE('',#4732,#2053);
#1742=LINE('',#4733,#2054);
#1743=LINE('',#4735,#2055);
#1744=LINE('',#4736,#2056);
#1745=LINE('',#4746,#2057);
#1746=LINE('',#4749,#2058);
#1747=LINE('',#4751,#2059);
#1748=LINE('',#4753,#2060);
#1749=LINE('',#4755,#2061);
#1750=LINE('',#4758,#2062);
#1751=LINE('',#4760,#2063);
#1752=LINE('',#4762,#2064);
#1753=LINE('',#4764,#2065);
#1754=LINE('',#4765,#2066);
#1755=LINE('',#4767,#2067);
#1756=LINE('',#4768,#2068);
#1757=LINE('',#4791,#2069);
#1758=LINE('',#4794,#2070);
#1759=LINE('',#4796,#2071);
#1760=LINE('',#4798,#2072);
#1761=LINE('',#4800,#2073);
#1762=LINE('',#4802,#2074);
#1763=LINE('',#4804,#2075);
#1764=LINE('',#4806,#2076);
#1765=LINE('',#4808,#2077);
#1766=LINE('',#4811,#2078);
#1767=LINE('',#4813,#2079);
#1768=LINE('',#4815,#2080);
#1769=LINE('',#4817,#2081);
#1770=LINE('',#4819,#2082);
#1771=LINE('',#4821,#2083);
#1772=LINE('',#4824,#2084);
#1773=LINE('',#4826,#2085);
#1774=LINE('',#4828,#2086);
#1775=LINE('',#4830,#2087);
#1776=LINE('',#4831,#2088);
#1777=LINE('',#4833,#2089);
#1778=LINE('',#4835,#2090);
#1779=LINE('',#4837,#2091);
#1780=LINE('',#4839,#2092);
#1781=LINE('',#4840,#2093);
#1782=LINE('',#4842,#2094);
#1783=LINE('',#4844,#2095);
#1784=LINE('',#4846,#2096);
#1785=LINE('',#4848,#2097);
#1786=LINE('',#4850,#2098);
#1787=LINE('',#4852,#2099);
#1788=LINE('',#4854,#2100);
#1789=LINE('',#4856,#2101);
#1790=LINE('',#4858,#2102);
#1791=LINE('',#4860,#2103);
#1792=LINE('',#4862,#2104);
#1793=LINE('',#4864,#2105);
#1794=LINE('',#4866,#2106);
#1795=LINE('',#4868,#2107);
#1796=LINE('',#4870,#2108);
#1797=LINE('',#4872,#2109);
#1798=LINE('',#4874,#2110);
#1799=LINE('',#4876,#2111);
#1800=LINE('',#4878,#2112);
#1801=LINE('',#4880,#2113);
#1802=LINE('',#4882,#2114);
#1803=LINE('',#4884,#2115);
#1804=LINE('',#4886,#2116);
#1805=LINE('',#4887,#2117);
#1806=LINE('',#4889,#2118);
#1807=LINE('',#4891,#2119);
#1808=LINE('',#4893,#2120);
#1809=LINE('',#4894,#2121);
#1810=LINE('',#4896,#2122);
#1811=LINE('',#4898,#2123);
#1812=LINE('',#4900,#2124);
#1813=LINE('',#4902,#2125);
#1814=LINE('',#4905,#2126);
#1815=LINE('',#4907,#2127);
#1816=LINE('',#4909,#2128);
#1817=LINE('',#4914,#2129);
#1818=LINE('',#4917,#2130);
#1819=LINE('',#4919,#2131);
#1820=LINE('',#4921,#2132);
#1821=LINE('',#4923,#2133);
#1822=LINE('',#4926,#2134);
#1823=LINE('',#4928,#2135);
#1824=LINE('',#4930,#2136);
#1825=LINE('',#4937,#2137);
#1826=LINE('',#4938,#2138);
#1827=LINE('',#4940,#2139);
#1828=LINE('',#4941,#2140);
#1829=LINE('',#4993,#2141);
#1830=LINE('',#4996,#2142);
#1831=LINE('',#4998,#2143);
#1832=LINE('',#5000,#2144);
#1833=LINE('',#5002,#2145);
#1834=LINE('',#5004,#2146);
#1835=LINE('',#5006,#2147);
#1836=LINE('',#5008,#2148);
#1837=LINE('',#5010,#2149);
#1838=LINE('',#5012,#2150);
#1839=LINE('',#5014,#2151);
#1840=LINE('',#5016,#2152);
#1841=LINE('',#5018,#2153);
#1842=LINE('',#5020,#2154);
#1843=LINE('',#5022,#2155);
#1844=LINE('',#5024,#2156);
#1845=LINE('',#5025,#2157);
#1846=LINE('',#5027,#2158);
#1847=LINE('',#5029,#2159);
#1848=LINE('',#5032,#2160);
#1849=LINE('',#5034,#2161);
#1850=LINE('',#5036,#2162);
#1851=LINE('',#5038,#2163);
#1852=LINE('',#5040,#2164);
#1853=LINE('',#5057,#2165);
#1854=LINE('',#5060,#2166);
#1855=LINE('',#5062,#2167);
#1856=LINE('',#5064,#2168);
#1857=LINE('',#5070,#2169);
#1858=LINE('',#5076,#2170);
#1859=LINE('',#5082,#2171);
#1860=LINE('',#5088,#2172);
#1861=LINE('',#5090,#2173);
#1862=LINE('',#5092,#2174);
#1863=LINE('',#5094,#2175);
#1864=LINE('',#5100,#2176);
#1865=LINE('',#5102,#2177);
#1866=LINE('',#5104,#2178);
#1867=LINE('',#5106,#2179);
#1868=LINE('',#5132,#2180);
#1869=LINE('',#5135,#2181);
#1870=LINE('',#5137,#2182);
#1871=LINE('',#5139,#2183);
#1872=LINE('',#5141,#2184);
#1873=LINE('',#5143,#2185);
#1874=LINE('',#5145,#2186);
#1875=LINE('',#5147,#2187);
#1876=LINE('',#5149,#2188);
#1877=LINE('',#5151,#2189);
#1878=LINE('',#5153,#2190);
#1879=LINE('',#5155,#2191);
#1880=LINE('',#5157,#2192);
#1881=LINE('',#5159,#2193);
#1882=LINE('',#5161,#2194);
#1883=LINE('',#5162,#2195);
#1884=LINE('',#5164,#2196);
#1885=LINE('',#5166,#2197);
#1886=LINE('',#5168,#2198);
#1887=LINE('',#5171,#2199);
#1888=LINE('',#5173,#2200);
#1889=LINE('',#5175,#2201);
#1890=LINE('',#5177,#2202);
#1891=LINE('',#5179,#2203);
#1892=VECTOR('',#3488,1.);
#1893=VECTOR('',#3489,1.);
#1894=VECTOR('',#3490,1.);
#1895=VECTOR('',#3491,1.);
#1896=VECTOR('',#3496,1.);
#1897=VECTOR('',#3503,1.);
#1898=VECTOR('',#3510,1.);
#1899=VECTOR('',#3517,1.);
#1900=VECTOR('',#3522,1.);
#1901=VECTOR('',#3523,1.);
#1902=VECTOR('',#3524,1.);
#1903=VECTOR('',#3529,1.);
#1904=VECTOR('',#3534,1.);
#1905=VECTOR('',#3535,1.);
#1906=VECTOR('',#3536,1.);
#1907=VECTOR('',#3563,1.);
#1908=VECTOR('',#3564,1.);
#1909=VECTOR('',#3565,1.);
#1910=VECTOR('',#3566,1.);
#1911=VECTOR('',#3569,1.);
#1912=VECTOR('',#3570,1.);
#1913=VECTOR('',#3571,1.);
#1914=VECTOR('',#3572,1.);
#1915=VECTOR('',#3581,1.);
#1916=VECTOR('',#3582,1.);
#1917=VECTOR('',#3585,1.);
#1918=VECTOR('',#3588,1.);
#1919=VECTOR('',#3595,1.);
#1920=VECTOR('',#3596,1.);
#1921=VECTOR('',#3597,1.);
#1922=VECTOR('',#3598,1.);
#1923=VECTOR('',#3599,1.);
#1924=VECTOR('',#3600,1.);
#1925=VECTOR('',#3601,1.);
#1926=VECTOR('',#3602,1.);
#1927=VECTOR('',#3605,1.);
#1928=VECTOR('',#3606,1.);
#1929=VECTOR('',#3607,1.);
#1930=VECTOR('',#3608,1.);
#1931=VECTOR('',#3609,1.);
#1932=VECTOR('',#3610,1.);
#1933=VECTOR('',#3611,1.);
#1934=VECTOR('',#3612,1.);
#1935=VECTOR('',#3615,1.);
#1936=VECTOR('',#3616,1.);
#1937=VECTOR('',#3617,1.);
#1938=VECTOR('',#3618,1.);
#1939=VECTOR('',#3619,1.);
#1940=VECTOR('',#3620,1.);
#1941=VECTOR('',#3621,1.);
#1942=VECTOR('',#3622,1.);
#1943=VECTOR('',#3625,1.);
#1944=VECTOR('',#3626,1.);
#1945=VECTOR('',#3627,1.);
#1946=VECTOR('',#3628,1.);
#1947=VECTOR('',#3629,1.);
#1948=VECTOR('',#3630,1.);
#1949=VECTOR('',#3631,1.);
#1950=VECTOR('',#3632,1.);
#1951=VECTOR('',#3639,1.);
#1952=VECTOR('',#3640,1.);
#1953=VECTOR('',#3641,1.);
#1954=VECTOR('',#3642,1.);
#1955=VECTOR('',#3643,1.);
#1956=VECTOR('',#3644,1.);
#1957=VECTOR('',#3645,1.);
#1958=VECTOR('',#3646,1.);
#1959=VECTOR('',#3649,1.);
#1960=VECTOR('',#3650,1.);
#1961=VECTOR('',#3651,1.);
#1962=VECTOR('',#3652,1.);
#1963=VECTOR('',#3653,1.);
#1964=VECTOR('',#3654,1.);
#1965=VECTOR('',#3655,1.);
#1966=VECTOR('',#3656,1.);
#1967=VECTOR('',#3661,1.);
#1968=VECTOR('',#3662,1.);
#1969=VECTOR('',#3663,1.);
#1970=VECTOR('',#3664,1.);
#1971=VECTOR('',#3671,1.);
#1972=VECTOR('',#3672,1.);
#1973=VECTOR('',#3675,1.);
#1974=VECTOR('',#3678,1.);
#1975=VECTOR('',#3683,1.);
#1976=VECTOR('',#3684,1.);
#1977=VECTOR('',#3687,1.);
#1978=VECTOR('',#3690,1.);
#1979=VECTOR('',#3695,1.);
#1980=VECTOR('',#3698,1.);
#1981=VECTOR('',#3703,1.);
#1982=VECTOR('',#3704,1.);
#1983=VECTOR('',#3707,1.);
#1984=VECTOR('',#3710,1.);
#1985=VECTOR('',#3715,1.);
#1986=VECTOR('',#3718,1.);
#1987=VECTOR('',#3723,1.);
#1988=VECTOR('',#3724,1.);
#1989=VECTOR('',#3727,1.);
#1990=VECTOR('',#3730,1.);
#1991=VECTOR('',#3737,1.);
#1992=VECTOR('',#3738,1.);
#1993=VECTOR('',#3739,1.);
#1994=VECTOR('',#3740,1.);
#1995=VECTOR('',#3741,1.);
#1996=VECTOR('',#3742,1.);
#1997=VECTOR('',#3743,1.);
#1998=VECTOR('',#3744,1.);
#1999=VECTOR('',#3747,1.);
#2000=VECTOR('',#3748,1.);
#2001=VECTOR('',#3749,1.);
#2002=VECTOR('',#3750,1.);
#2003=VECTOR('',#3751,1.);
#2004=VECTOR('',#3752,1.);
#2005=VECTOR('',#3755,1.);
#2006=VECTOR('',#3756,1.);
#2007=VECTOR('',#3757,1.);
#2008=VECTOR('',#3758,1.);
#2009=VECTOR('',#3759,1.);
#2010=VECTOR('',#3760,1.);
#2011=VECTOR('',#3761,1.);
#2012=VECTOR('',#3764,1.);
#2013=VECTOR('',#3765,1.);
#2014=VECTOR('',#3766,1.);
#2015=VECTOR('',#3767,1.);
#2016=VECTOR('',#3768,1.);
#2017=VECTOR('',#3769,1.);
#2018=VECTOR('',#3772,1.);
#2019=VECTOR('',#3773,1.);
#2020=VECTOR('',#3776,1.);
#2021=VECTOR('',#3777,1.);
#2022=VECTOR('',#3780,1.);
#2023=VECTOR('',#3783,1.);
#2024=VECTOR('',#3784,1.);
#2025=VECTOR('',#3785,1.);
#2026=VECTOR('',#3788,1.);
#2027=VECTOR('',#3789,1.);
#2028=VECTOR('',#3790,1.);
#2029=VECTOR('',#3793,1.);
#2030=VECTOR('',#3796,1.);
#2031=VECTOR('',#3797,1.);
#2032=VECTOR('',#3800,1.);
#2033=VECTOR('',#3801,1.);
#2034=VECTOR('',#3804,1.);
#2035=VECTOR('',#3805,1.);
#2036=VECTOR('',#3808,1.);
#2037=VECTOR('',#3809,1.);
#2038=VECTOR('',#3812,1.);
#2039=VECTOR('',#3815,1.);
#2040=VECTOR('',#3816,1.);
#2041=VECTOR('',#3819,1.);
#2042=VECTOR('',#3822,1.);
#2043=VECTOR('',#3823,1.);
#2044=VECTOR('',#3826,1.);
#2045=VECTOR('',#3851,1.);
#2046=VECTOR('',#3852,1.);
#2047=VECTOR('',#3853,1.);
#2048=VECTOR('',#3854,1.);
#2049=VECTOR('',#3857,1.);
#2050=VECTOR('',#3858,1.);
#2051=VECTOR('',#3859,1.);
#2052=VECTOR('',#3860,1.);
#2053=VECTOR('',#3863,1.);
#2054=VECTOR('',#3864,1.);
#2055=VECTOR('',#3867,1.);
#2056=VECTOR('',#3868,1.);
#2057=VECTOR('',#3883,1.);
#2058=VECTOR('',#3884,1.);
#2059=VECTOR('',#3885,1.);
#2060=VECTOR('',#3886,1.);
#2061=VECTOR('',#3889,1.);
#2062=VECTOR('',#3890,1.);
#2063=VECTOR('',#3891,1.);
#2064=VECTOR('',#3892,1.);
#2065=VECTOR('',#3895,1.);
#2066=VECTOR('',#3896,1.);
#2067=VECTOR('',#3899,1.);
#2068=VECTOR('',#3900,1.);
#2069=VECTOR('',#3933,1.);
#2070=VECTOR('',#3934,1.);
#2071=VECTOR('',#3935,1.);
#2072=VECTOR('',#3936,1.);
#2073=VECTOR('',#3937,1.);
#2074=VECTOR('',#3938,1.);
#2075=VECTOR('',#3939,1.);
#2076=VECTOR('',#3940,1.);
#2077=VECTOR('',#3943,1.);
#2078=VECTOR('',#3944,1.);
#2079=VECTOR('',#3945,1.);
#2080=VECTOR('',#3946,1.);
#2081=VECTOR('',#3947,1.);
#2082=VECTOR('',#3948,1.);
#2083=VECTOR('',#3951,1.);
#2084=VECTOR('',#3952,1.);
#2085=VECTOR('',#3953,1.);
#2086=VECTOR('',#3954,1.);
#2087=VECTOR('',#3955,1.);
#2088=VECTOR('',#3956,1.);
#2089=VECTOR('',#3957,1.);
#2090=VECTOR('',#3960,1.);
#2091=VECTOR('',#3961,1.);
#2092=VECTOR('',#3962,1.);
#2093=VECTOR('',#3963,1.);
#2094=VECTOR('',#3964,1.);
#2095=VECTOR('',#3965,1.);
#2096=VECTOR('',#3968,1.);
#2097=VECTOR('',#3969,1.);
#2098=VECTOR('',#3970,1.);
#2099=VECTOR('',#3971,1.);
#2100=VECTOR('',#3974,1.);
#2101=VECTOR('',#3975,1.);
#2102=VECTOR('',#3978,1.);
#2103=VECTOR('',#3981,1.);
#2104=VECTOR('',#3982,1.);
#2105=VECTOR('',#3983,1.);
#2106=VECTOR('',#3986,1.);
#2107=VECTOR('',#3987,1.);
#2108=VECTOR('',#3990,1.);
#2109=VECTOR('',#3991,1.);
#2110=VECTOR('',#3994,1.);
#2111=VECTOR('',#3995,1.);
#2112=VECTOR('',#3998,1.);
#2113=VECTOR('',#3999,1.);
#2114=VECTOR('',#4002,1.);
#2115=VECTOR('',#4003,1.);
#2116=VECTOR('',#4004,1.);
#2117=VECTOR('',#4005,1.);
#2118=VECTOR('',#4006,1.);
#2119=VECTOR('',#4007,1.);
#2120=VECTOR('',#4008,1.);
#2121=VECTOR('',#4009,1.);
#2122=VECTOR('',#4010,1.);
#2123=VECTOR('',#4013,1.);
#2124=VECTOR('',#4016,1.);
#2125=VECTOR('',#4019,1.);
#2126=VECTOR('',#4024,1.);
#2127=VECTOR('',#4027,1.);
#2128=VECTOR('',#4030,1.);
#2129=VECTOR('',#4039,1.);
#2130=VECTOR('',#4040,1.);
#2131=VECTOR('',#4041,1.);
#2132=VECTOR('',#4042,1.);
#2133=VECTOR('',#4045,1.);
#2134=VECTOR('',#4046,1.);
#2135=VECTOR('',#4047,1.);
#2136=VECTOR('',#4048,1.);
#2137=VECTOR('',#4057,1.);
#2138=VECTOR('',#4058,1.);
#2139=VECTOR('',#4061,1.);
#2140=VECTOR('',#4062,1.);
#2141=VECTOR('',#4137,1.);
#2142=VECTOR('',#4138,1.);
#2143=VECTOR('',#4139,1.);
#2144=VECTOR('',#4140,1.);
#2145=VECTOR('',#4141,1.);
#2146=VECTOR('',#4142,1.);
#2147=VECTOR('',#4143,1.);
#2148=VECTOR('',#4144,1.);
#2149=VECTOR('',#4147,1.);
#2150=VECTOR('',#4148,1.);
#2151=VECTOR('',#4149,1.);
#2152=VECTOR('',#4152,1.);
#2153=VECTOR('',#4153,1.);
#2154=VECTOR('',#4156,1.);
#2155=VECTOR('',#4157,1.);
#2156=VECTOR('',#4158,1.);
#2157=VECTOR('',#4159,1.);
#2158=VECTOR('',#4160,1.);
#2159=VECTOR('',#4163,1.);
#2160=VECTOR('',#4168,1.);
#2161=VECTOR('',#4169,1.);
#2162=VECTOR('',#4172,1.);
#2163=VECTOR('',#4173,1.);
#2164=VECTOR('',#4176,1.);
#2165=VECTOR('',#4201,1.);
#2166=VECTOR('',#4202,1.);
#2167=VECTOR('',#4203,1.);
#2168=VECTOR('',#4204,1.);
#2169=VECTOR('',#4211,1.);
#2170=VECTOR('',#4218,1.);
#2171=VECTOR('',#4225,1.);
#2172=VECTOR('',#4232,1.);
#2173=VECTOR('',#4235,1.);
#2174=VECTOR('',#4236,1.);
#2175=VECTOR('',#4237,1.);
#2176=VECTOR('',#4244,1.);
#2177=VECTOR('',#4247,1.);
#2178=VECTOR('',#4248,1.);
#2179=VECTOR('',#4249,1.);
#2180=VECTOR('',#4288,1.);
#2181=VECTOR('',#4289,1.);
#2182=VECTOR('',#4290,1.);
#2183=VECTOR('',#4291,1.);
#2184=VECTOR('',#4292,1.);
#2185=VECTOR('',#4293,1.);
#2186=VECTOR('',#4294,1.);
#2187=VECTOR('',#4295,1.);
#2188=VECTOR('',#4298,1.);
#2189=VECTOR('',#4299,1.);
#2190=VECTOR('',#4300,1.);
#2191=VECTOR('',#4303,1.);
#2192=VECTOR('',#4304,1.);
#2193=VECTOR('',#4307,1.);
#2194=VECTOR('',#4308,1.);
#2195=VECTOR('',#4309,1.);
#2196=VECTOR('',#4310,1.);
#2197=VECTOR('',#4311,1.);
#2198=VECTOR('',#4314,1.);
#2199=VECTOR('',#4319,1.);
#2200=VECTOR('',#4320,1.);
#2201=VECTOR('',#4323,1.);
#2202=VECTOR('',#4324,1.);
#2203=VECTOR('',#4327,1.);
#2204=EDGE_LOOP('',(#156,#157,#158,#159));
#2205=EDGE_LOOP('',(#160,#161,#162,#163));
#2206=EDGE_LOOP('',(#164,#165,#166,#167));
#2207=EDGE_LOOP('',(#168,#169,#170,#171));
#2208=EDGE_LOOP('',(#172,#173,#174,#175));
#2209=EDGE_LOOP('',(#176,#177,#178,#179));
#2210=EDGE_LOOP('',(#180,#181,#182,#183));
#2211=EDGE_LOOP('',(#184,#185,#186,#187));
#2212=EDGE_LOOP('',(#188,#189,#190,#191));
#2213=EDGE_LOOP('',(#192));
#2214=EDGE_LOOP('',(#193));
#2215=EDGE_LOOP('',(#194,#195,#196,#197,#198,#199,#200,#201,#202));
#2216=EDGE_LOOP('',(#203));
#2217=EDGE_LOOP('',(#204));
#2218=EDGE_LOOP('',(#205,#206,#207,#208,#209,#210,#211,#212,#213));
#2219=EDGE_LOOP('',(#214));
#2220=EDGE_LOOP('',(#215));
#2221=EDGE_LOOP('',(#216));
#2222=EDGE_LOOP('',(#217));
#2223=EDGE_LOOP('',(#218,#219,#220,#221));
#2224=EDGE_LOOP('',(#222,#223,#224,#225));
#2225=EDGE_LOOP('',(#226));
#2226=EDGE_LOOP('',(#227));
#2227=EDGE_LOOP('',(#228,#229,#230,#231));
#2228=EDGE_LOOP('',(#232));
#2229=EDGE_LOOP('',(#233,#234,#235,#236));
#2230=EDGE_LOOP('',(#237,#238,#239,#240));
#2231=EDGE_LOOP('',(#241,#242,#243,#244));
#2232=EDGE_LOOP('',(#245));
#2233=EDGE_LOOP('',(#246,#247,#248,#249));
#2234=EDGE_LOOP('',(#250,#251,#252,#253));
#2235=EDGE_LOOP('',(#254,#255,#256,#257));
#2236=EDGE_LOOP('',(#258,#259,#260,#261));
#2237=EDGE_LOOP('',(#262,#263,#264,#265));
#2238=EDGE_LOOP('',(#266,#267,#268,#269));
#2239=EDGE_LOOP('',(#270,#271,#272,#273));
#2240=EDGE_LOOP('',(#274,#275,#276,#277));
#2241=EDGE_LOOP('',(#278));
#2242=EDGE_LOOP('',(#279));
#2243=EDGE_LOOP('',(#280,#281,#282,#283));
#2244=EDGE_LOOP('',(#284,#285,#286,#287));
#2245=EDGE_LOOP('',(#288,#289,#290,#291));
#2246=EDGE_LOOP('',(#292,#293,#294,#295));
#2247=EDGE_LOOP('',(#296,#297,#298,#299));
#2248=EDGE_LOOP('',(#300));
#2249=EDGE_LOOP('',(#301));
#2250=EDGE_LOOP('',(#302,#303,#304,#305));
#2251=EDGE_LOOP('',(#306));
#2252=EDGE_LOOP('',(#307));
#2253=EDGE_LOOP('',(#308));
#2254=EDGE_LOOP('',(#309));
#2255=EDGE_LOOP('',(#310,#311,#312,#313));
#2256=EDGE_LOOP('',(#314,#315,#316,#317));
#2257=EDGE_LOOP('',(#318,#319,#320,#321));
#2258=EDGE_LOOP('',(#322,#323,#324,#325));
#2259=EDGE_LOOP('',(#326,#327,#328,#329));
#2260=EDGE_LOOP('',(#330,#331,#332,#333));
#2261=EDGE_LOOP('',(#334,#335,#336,#337));
#2262=EDGE_LOOP('',(#338,#339,#340,#341));
#2263=EDGE_LOOP('',(#342,#343,#344,#345));
#2264=EDGE_LOOP('',(#346,#347,#348,#349));
#2265=EDGE_LOOP('',(#350,#351,#352,#353));
#2266=EDGE_LOOP('',(#354,#355,#356,#357));
#2267=EDGE_LOOP('',(#358,#359,#360,#361));
#2268=EDGE_LOOP('',(#362,#363,#364,#365));
#2269=EDGE_LOOP('',(#366,#367,#368,#369));
#2270=EDGE_LOOP('',(#370,#371,#372,#373));
#2271=EDGE_LOOP('',(#374,#375,#376,#377));
#2272=EDGE_LOOP('',(#378,#379,#380,#381));
#2273=EDGE_LOOP('',(#382,#383,#384,#385));
#2274=EDGE_LOOP('',(#386,#387,#388,#389));
#2275=EDGE_LOOP('',(#390,#391,#392,#393));
#2276=EDGE_LOOP('',(#394,#395,#396,#397));
#2277=EDGE_LOOP('',(#398,#399,#400,#401,#402,#403,#404,#405));
#2278=EDGE_LOOP('',(#406,#407,#408,#409,#410,#411));
#2279=EDGE_LOOP('',(#412,#413,#414,#415,#416,#417,#418,#419));
#2280=EDGE_LOOP('',(#420,#421,#422,#423,#424,#425,#426,#427));
#2281=EDGE_LOOP('',(#428,#429,#430,#431));
#2282=EDGE_LOOP('',(#432,#433,#434,#435));
#2283=EDGE_LOOP('',(#436,#437,#438,#439));
#2284=EDGE_LOOP('',(#440,#441,#442,#443,#444,#445,#446,#447));
#2285=EDGE_LOOP('',(#448,#449,#450,#451));
#2286=EDGE_LOOP('',(#452,#453,#454,#455));
#2287=EDGE_LOOP('',(#456,#457,#458,#459));
#2288=EDGE_LOOP('',(#460,#461,#462,#463));
#2289=EDGE_LOOP('',(#464,#465,#466,#467));
#2290=EDGE_LOOP('',(#468,#469,#470,#471));
#2291=EDGE_LOOP('',(#472,#473,#474,#475));
#2292=EDGE_LOOP('',(#476,#477,#478,#479));
#2293=EDGE_LOOP('',(#480,#481,#482,#483));
#2294=EDGE_LOOP('',(#484,#485,#486,#487));
#2295=EDGE_LOOP('',(#488,#489,#490,#491));
#2296=EDGE_LOOP('',(#492,#493,#494,#495,#496,#497,#498,#499,#500,#501,#502,
#503,#504,#505));
#2297=EDGE_LOOP('',(#506));
#2298=EDGE_LOOP('',(#507));
#2299=EDGE_LOOP('',(#508));
#2300=EDGE_LOOP('',(#509));
#2301=EDGE_LOOP('',(#510));
#2302=EDGE_LOOP('',(#511));
#2303=EDGE_LOOP('',(#512));
#2304=EDGE_LOOP('',(#513));
#2305=EDGE_LOOP('',(#514,#515,#516,#517));
#2306=EDGE_LOOP('',(#518,#519,#520,#521));
#2307=EDGE_LOOP('',(#522,#523,#524,#525));
#2308=EDGE_LOOP('',(#526,#527,#528,#529));
#2309=EDGE_LOOP('',(#530));
#2310=EDGE_LOOP('',(#531,#532,#533,#534));
#2311=EDGE_LOOP('',(#535));
#2312=EDGE_LOOP('',(#536));
#2313=EDGE_LOOP('',(#537,#538,#539,#540));
#2314=EDGE_LOOP('',(#541));
#2315=EDGE_LOOP('',(#542,#543,#544,#545));
#2316=EDGE_LOOP('',(#546,#547,#548,#549));
#2317=EDGE_LOOP('',(#550,#551,#552,#553));
#2318=EDGE_LOOP('',(#554,#555,#556,#557));
#2319=EDGE_LOOP('',(#558));
#2320=EDGE_LOOP('',(#559,#560,#561,#562));
#2321=EDGE_LOOP('',(#563));
#2322=EDGE_LOOP('',(#564));
#2323=EDGE_LOOP('',(#565,#566,#567,#568));
#2324=EDGE_LOOP('',(#569));
#2325=EDGE_LOOP('',(#570));
#2326=EDGE_LOOP('',(#571));
#2327=EDGE_LOOP('',(#572));
#2328=EDGE_LOOP('',(#573));
#2329=EDGE_LOOP('',(#574));
#2330=EDGE_LOOP('',(#575));
#2331=EDGE_LOOP('',(#576));
#2332=EDGE_LOOP('',(#577));
#2333=EDGE_LOOP('',(#578,#579,#580,#581,#582,#583,#584,#585));
#2334=EDGE_LOOP('',(#586,#587,#588,#589,#590,#591));
#2335=EDGE_LOOP('',(#592,#593,#594,#595,#596,#597,#598,#599));
#2336=EDGE_LOOP('',(#600,#601,#602,#603,#604,#605,#606,#607));
#2337=EDGE_LOOP('',(#608,#609,#610,#611,#612,#613));
#2338=EDGE_LOOP('',(#614,#615,#616,#617));
#2339=EDGE_LOOP('',(#618,#619,#620,#621));
#2340=EDGE_LOOP('',(#622,#623,#624,#625,#626,#627,#628,#629));
#2341=EDGE_LOOP('',(#630,#631,#632,#633));
#2342=EDGE_LOOP('',(#634,#635,#636,#637));
#2343=EDGE_LOOP('',(#638,#639,#640,#641));
#2344=EDGE_LOOP('',(#642,#643,#644,#645));
#2345=EDGE_LOOP('',(#646,#647,#648,#649,#650,#651,#652,#653,#654,#655,#656,
#657,#658,#659,#660,#661));
#2346=EDGE_LOOP('',(#662,#663,#664,#665));
#2347=EDGE_LOOP('',(#666,#667,#668,#669));
#2348=EDGE_LOOP('',(#670,#671,#672,#673));
#2349=EDGE_LOOP('',(#674,#675,#676,#677));
#2350=EDGE_LOOP('',(#678,#679,#680,#681));
#2351=EDGE_LOOP('',(#682,#683,#684,#685));
#2352=EDGE_LOOP('',(#686,#687,#688,#689));
#2353=EDGE_LOOP('',(#690,#691,#692,#693));
#2354=EDGE_LOOP('',(#694,#695,#696,#697));
#2355=EDGE_LOOP('',(#698,#699,#700,#701));
#2356=EDGE_LOOP('',(#702,#703,#704,#705));
#2357=EDGE_LOOP('',(#706));
#2358=EDGE_LOOP('',(#707));
#2359=EDGE_LOOP('',(#708,#709,#710,#711));
#2360=EDGE_LOOP('',(#712,#713,#714,#715));
#2361=EDGE_LOOP('',(#716));
#2362=EDGE_LOOP('',(#717,#718,#719,#720));
#2363=EDGE_LOOP('',(#721,#722,#723,#724));
#2364=EDGE_LOOP('',(#725));
#2365=EDGE_LOOP('',(#726));
#2366=EDGE_LOOP('',(#727));
#2367=EDGE_LOOP('',(#728));
#2368=EDGE_LOOP('',(#729));
#2369=EDGE_LOOP('',(#730));
#2370=EDGE_LOOP('',(#731));
#2371=EDGE_LOOP('',(#732));
#2372=EDGE_LOOP('',(#733));
#2373=EDGE_LOOP('',(#734));
#2374=EDGE_LOOP('',(#735));
#2375=EDGE_LOOP('',(#736));
#2376=EDGE_LOOP('',(#737));
#2377=EDGE_LOOP('',(#738));
#2378=EDGE_LOOP('',(#739));
#2379=EDGE_LOOP('',(#740));
#2380=EDGE_LOOP('',(#741));
#2381=EDGE_LOOP('',(#742));
#2382=EDGE_LOOP('',(#743));
#2383=EDGE_LOOP('',(#744));
#2384=EDGE_LOOP('',(#745));
#2385=EDGE_LOOP('',(#746));
#2386=EDGE_LOOP('',(#747));
#2387=EDGE_LOOP('',(#748));
#2388=EDGE_LOOP('',(#749));
#2389=EDGE_LOOP('',(#750));
#2390=EDGE_LOOP('',(#751));
#2391=EDGE_LOOP('',(#752));
#2392=EDGE_LOOP('',(#753));
#2393=EDGE_LOOP('',(#754,#755,#756,#757,#758,#759,#760,#761));
#2394=EDGE_LOOP('',(#762,#763,#764,#765));
#2395=EDGE_LOOP('',(#766,#767,#768,#769));
#2396=EDGE_LOOP('',(#770,#771,#772,#773,#774,#775,#776,#777));
#2397=EDGE_LOOP('',(#778,#779,#780,#781));
#2398=EDGE_LOOP('',(#782,#783,#784,#785));
#2399=EDGE_LOOP('',(#786,#787,#788,#789));
#2400=EDGE_LOOP('',(#790,#791,#792,#793));
#2401=EDGE_LOOP('',(#794,#795,#796,#797));
#2402=EDGE_LOOP('',(#798,#799,#800,#801));
#2403=EDGE_LOOP('',(#802));
#2404=EDGE_LOOP('',(#803));
#2405=EDGE_LOOP('',(#804));
#2406=EDGE_LOOP('',(#805));
#2407=EDGE_LOOP('',(#806));
#2408=EDGE_LOOP('',(#807));
#2409=EDGE_LOOP('',(#808));
#2410=EDGE_LOOP('',(#809));
#2411=EDGE_LOOP('',(#810,#811,#812,#813));
#2412=EDGE_LOOP('',(#814,#815,#816,#817));
#2413=EDGE_LOOP('',(#818,#819,#820,#821));
#2414=EDGE_LOOP('',(#822,#823,#824,#825));
#2415=EDGE_LOOP('',(#826,#827,#828,#829));
#2416=EDGE_LOOP('',(#830,#831,#832,#833));
#2417=EDGE_LOOP('',(#834,#835,#836,#837));
#2418=EDGE_LOOP('',(#838,#839,#840,#841));
#2419=EDGE_LOOP('',(#842,#843,#844,#845));
#2420=EDGE_LOOP('',(#846));
#2421=EDGE_LOOP('',(#847));
#2422=EDGE_LOOP('',(#848,#849,#850,#851,#852,#853,#854,#855,#856));
#2423=EDGE_LOOP('',(#857));
#2424=EDGE_LOOP('',(#858));
#2425=EDGE_LOOP('',(#859,#860,#861,#862,#863,#864,#865,#866,#867));
#2426=EDGE_LOOP('',(#868));
#2427=EDGE_LOOP('',(#869));
#2428=EDGE_LOOP('',(#870));
#2429=EDGE_LOOP('',(#871));
#2430=EDGE_LOOP('',(#872));
#2431=EDGE_LOOP('',(#873));
#2432=EDGE_LOOP('',(#874));
#2433=EDGE_LOOP('',(#875));
#2434=EDGE_LOOP('',(#876,#877,#878,#879,#880,#881,#882,#883));
#2435=EDGE_LOOP('',(#884,#885,#886,#887));
#2436=EDGE_LOOP('',(#888,#889,#890,#891));
#2437=EDGE_LOOP('',(#892,#893,#894,#895,#896,#897,#898,#899));
#2438=EDGE_LOOP('',(#900,#901,#902,#903));
#2439=EDGE_LOOP('',(#904,#905,#906,#907));
#2440=EDGE_LOOP('',(#908,#909,#910,#911));
#2441=EDGE_LOOP('',(#912,#913,#914,#915));
#2442=EDGE_LOOP('',(#916,#917,#918,#919));
#2443=EDGE_LOOP('',(#920,#921,#922,#923));
#2444=FACE_BOUND('',#2204,.T.);
#2445=FACE_BOUND('',#2205,.T.);
#2446=FACE_BOUND('',#2206,.T.);
#2447=FACE_BOUND('',#2207,.T.);
#2448=FACE_BOUND('',#2208,.T.);
#2449=FACE_BOUND('',#2209,.T.);
#2450=FACE_BOUND('',#2210,.T.);
#2451=FACE_BOUND('',#2211,.T.);
#2452=FACE_BOUND('',#2212,.T.);
#2453=FACE_BOUND('',#2213,.T.);
#2454=FACE_BOUND('',#2214,.T.);
#2455=FACE_BOUND('',#2215,.T.);
#2456=FACE_BOUND('',#2216,.T.);
#2457=FACE_BOUND('',#2217,.T.);
#2458=FACE_BOUND('',#2218,.T.);
#2459=FACE_BOUND('',#2219,.T.);
#2460=FACE_BOUND('',#2220,.T.);
#2461=FACE_BOUND('',#2221,.T.);
#2462=FACE_BOUND('',#2222,.T.);
#2463=FACE_BOUND('',#2223,.T.);
#2464=FACE_BOUND('',#2224,.T.);
#2465=FACE_BOUND('',#2225,.T.);
#2466=FACE_BOUND('',#2226,.T.);
#2467=FACE_BOUND('',#2227,.T.);
#2468=FACE_BOUND('',#2228,.T.);
#2469=FACE_BOUND('',#2229,.T.);
#2470=FACE_BOUND('',#2230,.T.);
#2471=FACE_BOUND('',#2231,.T.);
#2472=FACE_BOUND('',#2232,.T.);
#2473=FACE_BOUND('',#2233,.T.);
#2474=FACE_BOUND('',#2234,.T.);
#2475=FACE_BOUND('',#2235,.T.);
#2476=FACE_BOUND('',#2236,.T.);
#2477=FACE_BOUND('',#2237,.T.);
#2478=FACE_BOUND('',#2238,.T.);
#2479=FACE_BOUND('',#2239,.T.);
#2480=FACE_BOUND('',#2240,.T.);
#2481=FACE_BOUND('',#2241,.T.);
#2482=FACE_BOUND('',#2242,.T.);
#2483=FACE_BOUND('',#2243,.T.);
#2484=FACE_BOUND('',#2244,.T.);
#2485=FACE_BOUND('',#2245,.T.);
#2486=FACE_BOUND('',#2246,.T.);
#2487=FACE_BOUND('',#2247,.T.);
#2488=FACE_BOUND('',#2248,.T.);
#2489=FACE_BOUND('',#2249,.T.);
#2490=FACE_BOUND('',#2250,.T.);
#2491=FACE_BOUND('',#2251,.T.);
#2492=FACE_BOUND('',#2252,.T.);
#2493=FACE_BOUND('',#2253,.T.);
#2494=FACE_BOUND('',#2254,.T.);
#2495=FACE_BOUND('',#2255,.T.);
#2496=FACE_BOUND('',#2256,.T.);
#2497=FACE_BOUND('',#2257,.T.);
#2498=FACE_BOUND('',#2258,.T.);
#2499=FACE_BOUND('',#2259,.T.);
#2500=FACE_BOUND('',#2260,.T.);
#2501=FACE_BOUND('',#2261,.T.);
#2502=FACE_BOUND('',#2262,.T.);
#2503=FACE_BOUND('',#2263,.T.);
#2504=FACE_BOUND('',#2264,.T.);
#2505=FACE_BOUND('',#2265,.T.);
#2506=FACE_BOUND('',#2266,.T.);
#2507=FACE_BOUND('',#2267,.T.);
#2508=FACE_BOUND('',#2268,.T.);
#2509=FACE_BOUND('',#2269,.T.);
#2510=FACE_BOUND('',#2270,.T.);
#2511=FACE_BOUND('',#2271,.T.);
#2512=FACE_BOUND('',#2272,.T.);
#2513=FACE_BOUND('',#2273,.T.);
#2514=FACE_BOUND('',#2274,.T.);
#2515=FACE_BOUND('',#2275,.T.);
#2516=FACE_BOUND('',#2276,.T.);
#2517=FACE_BOUND('',#2277,.T.);
#2518=FACE_BOUND('',#2278,.T.);
#2519=FACE_BOUND('',#2279,.T.);
#2520=FACE_BOUND('',#2280,.T.);
#2521=FACE_BOUND('',#2281,.T.);
#2522=FACE_BOUND('',#2282,.T.);
#2523=FACE_BOUND('',#2283,.T.);
#2524=FACE_BOUND('',#2284,.T.);
#2525=FACE_BOUND('',#2285,.T.);
#2526=FACE_BOUND('',#2286,.T.);
#2527=FACE_BOUND('',#2287,.T.);
#2528=FACE_BOUND('',#2288,.T.);
#2529=FACE_BOUND('',#2289,.T.);
#2530=FACE_BOUND('',#2290,.T.);
#2531=FACE_BOUND('',#2291,.T.);
#2532=FACE_BOUND('',#2292,.T.);
#2533=FACE_BOUND('',#2293,.T.);
#2534=FACE_BOUND('',#2294,.T.);
#2535=FACE_BOUND('',#2295,.T.);
#2536=FACE_BOUND('',#2296,.T.);
#2537=FACE_BOUND('',#2297,.T.);
#2538=FACE_BOUND('',#2298,.T.);
#2539=FACE_BOUND('',#2299,.T.);
#2540=FACE_BOUND('',#2300,.T.);
#2541=FACE_BOUND('',#2301,.T.);
#2542=FACE_BOUND('',#2302,.T.);
#2543=FACE_BOUND('',#2303,.T.);
#2544=FACE_BOUND('',#2304,.T.);
#2545=FACE_BOUND('',#2305,.T.);
#2546=FACE_BOUND('',#2306,.T.);
#2547=FACE_BOUND('',#2307,.T.);
#2548=FACE_BOUND('',#2308,.T.);
#2549=FACE_BOUND('',#2309,.T.);
#2550=FACE_BOUND('',#2310,.T.);
#2551=FACE_BOUND('',#2311,.T.);
#2552=FACE_BOUND('',#2312,.T.);
#2553=FACE_BOUND('',#2313,.T.);
#2554=FACE_BOUND('',#2314,.T.);
#2555=FACE_BOUND('',#2315,.T.);
#2556=FACE_BOUND('',#2316,.T.);
#2557=FACE_BOUND('',#2317,.T.);
#2558=FACE_BOUND('',#2318,.T.);
#2559=FACE_BOUND('',#2319,.T.);
#2560=FACE_BOUND('',#2320,.T.);
#2561=FACE_BOUND('',#2321,.T.);
#2562=FACE_BOUND('',#2322,.T.);
#2563=FACE_BOUND('',#2323,.T.);
#2564=FACE_BOUND('',#2324,.T.);
#2565=FACE_BOUND('',#2325,.T.);
#2566=FACE_BOUND('',#2326,.T.);
#2567=FACE_BOUND('',#2327,.T.);
#2568=FACE_BOUND('',#2328,.T.);
#2569=FACE_BOUND('',#2329,.T.);
#2570=FACE_BOUND('',#2330,.T.);
#2571=FACE_BOUND('',#2331,.T.);
#2572=FACE_BOUND('',#2332,.T.);
#2573=FACE_BOUND('',#2333,.T.);
#2574=FACE_BOUND('',#2334,.T.);
#2575=FACE_BOUND('',#2335,.T.);
#2576=FACE_BOUND('',#2336,.T.);
#2577=FACE_BOUND('',#2337,.T.);
#2578=FACE_BOUND('',#2338,.T.);
#2579=FACE_BOUND('',#2339,.T.);
#2580=FACE_BOUND('',#2340,.T.);
#2581=FACE_BOUND('',#2341,.T.);
#2582=FACE_BOUND('',#2342,.T.);
#2583=FACE_BOUND('',#2343,.T.);
#2584=FACE_BOUND('',#2344,.T.);
#2585=FACE_BOUND('',#2345,.T.);
#2586=FACE_BOUND('',#2346,.T.);
#2587=FACE_BOUND('',#2347,.T.);
#2588=FACE_BOUND('',#2348,.T.);
#2589=FACE_BOUND('',#2349,.T.);
#2590=FACE_BOUND('',#2350,.T.);
#2591=FACE_BOUND('',#2351,.T.);
#2592=FACE_BOUND('',#2352,.T.);
#2593=FACE_BOUND('',#2353,.T.);
#2594=FACE_BOUND('',#2354,.T.);
#2595=FACE_BOUND('',#2355,.T.);
#2596=FACE_BOUND('',#2356,.T.);
#2597=FACE_BOUND('',#2357,.T.);
#2598=FACE_BOUND('',#2358,.T.);
#2599=FACE_BOUND('',#2359,.T.);
#2600=FACE_BOUND('',#2360,.T.);
#2601=FACE_BOUND('',#2361,.T.);
#2602=FACE_BOUND('',#2362,.T.);
#2603=FACE_BOUND('',#2363,.T.);
#2604=FACE_BOUND('',#2364,.T.);
#2605=FACE_BOUND('',#2365,.T.);
#2606=FACE_BOUND('',#2366,.T.);
#2607=FACE_BOUND('',#2367,.T.);
#2608=FACE_BOUND('',#2368,.T.);
#2609=FACE_BOUND('',#2369,.T.);
#2610=FACE_BOUND('',#2370,.T.);
#2611=FACE_BOUND('',#2371,.T.);
#2612=FACE_BOUND('',#2372,.T.);
#2613=FACE_BOUND('',#2373,.T.);
#2614=FACE_BOUND('',#2374,.T.);
#2615=FACE_BOUND('',#2375,.T.);
#2616=FACE_BOUND('',#2376,.T.);
#2617=FACE_BOUND('',#2377,.T.);
#2618=FACE_BOUND('',#2378,.T.);
#2619=FACE_BOUND('',#2379,.T.);
#2620=FACE_BOUND('',#2380,.T.);
#2621=FACE_BOUND('',#2381,.T.);
#2622=FACE_BOUND('',#2382,.T.);
#2623=FACE_BOUND('',#2383,.T.);
#2624=FACE_BOUND('',#2384,.T.);
#2625=FACE_BOUND('',#2385,.T.);
#2626=FACE_BOUND('',#2386,.T.);
#2627=FACE_BOUND('',#2387,.T.);
#2628=FACE_BOUND('',#2388,.T.);
#2629=FACE_BOUND('',#2389,.T.);
#2630=FACE_BOUND('',#2390,.T.);
#2631=FACE_BOUND('',#2391,.T.);
#2632=FACE_BOUND('',#2392,.T.);
#2633=FACE_BOUND('',#2393,.T.);
#2634=FACE_BOUND('',#2394,.T.);
#2635=FACE_BOUND('',#2395,.T.);
#2636=FACE_BOUND('',#2396,.T.);
#2637=FACE_BOUND('',#2397,.T.);
#2638=FACE_BOUND('',#2398,.T.);
#2639=FACE_BOUND('',#2399,.T.);
#2640=FACE_BOUND('',#2400,.T.);
#2641=FACE_BOUND('',#2401,.T.);
#2642=FACE_BOUND('',#2402,.T.);
#2643=FACE_BOUND('',#2403,.T.);
#2644=FACE_BOUND('',#2404,.T.);
#2645=FACE_BOUND('',#2405,.T.);
#2646=FACE_BOUND('',#2406,.T.);
#2647=FACE_BOUND('',#2407,.T.);
#2648=FACE_BOUND('',#2408,.T.);
#2649=FACE_BOUND('',#2409,.T.);
#2650=FACE_BOUND('',#2410,.T.);
#2651=FACE_BOUND('',#2411,.T.);
#2652=FACE_BOUND('',#2412,.T.);
#2653=FACE_BOUND('',#2413,.T.);
#2654=FACE_BOUND('',#2414,.T.);
#2655=FACE_BOUND('',#2415,.T.);
#2656=FACE_BOUND('',#2416,.T.);
#2657=FACE_BOUND('',#2417,.T.);
#2658=FACE_BOUND('',#2418,.T.);
#2659=FACE_BOUND('',#2419,.T.);
#2660=FACE_BOUND('',#2420,.T.);
#2661=FACE_BOUND('',#2421,.T.);
#2662=FACE_BOUND('',#2422,.T.);
#2663=FACE_BOUND('',#2423,.T.);
#2664=FACE_BOUND('',#2424,.T.);
#2665=FACE_BOUND('',#2425,.T.);
#2666=FACE_BOUND('',#2426,.T.);
#2667=FACE_BOUND('',#2427,.T.);
#2668=FACE_BOUND('',#2428,.T.);
#2669=FACE_BOUND('',#2429,.T.);
#2670=FACE_BOUND('',#2430,.T.);
#2671=FACE_BOUND('',#2431,.T.);
#2672=FACE_BOUND('',#2432,.T.);
#2673=FACE_BOUND('',#2433,.T.);
#2674=FACE_BOUND('',#2434,.T.);
#2675=FACE_BOUND('',#2435,.T.);
#2676=FACE_BOUND('',#2436,.T.);
#2677=FACE_BOUND('',#2437,.T.);
#2678=FACE_BOUND('',#2438,.T.);
#2679=FACE_BOUND('',#2439,.T.);
#2680=FACE_BOUND('',#2440,.T.);
#2681=FACE_BOUND('',#2441,.T.);
#2682=FACE_BOUND('',#2442,.T.);
#2683=FACE_BOUND('',#2443,.T.);
#2684=PLANE('',#3218);
#2685=PLANE('',#3231);
#2686=PLANE('',#3235);
#2687=PLANE('',#3239);
#2688=PLANE('',#3242);
#2689=PLANE('',#3248);
#2690=PLANE('',#3249);
#2691=PLANE('',#3253);
#2692=PLANE('',#3254);
#2693=PLANE('',#3255);
#2694=PLANE('',#3256);
#2695=PLANE('',#3258);
#2696=PLANE('',#3259);
#2697=PLANE('',#3260);
#2698=PLANE('',#3261);
#2699=PLANE('',#3262);
#2700=PLANE('',#3265);
#2701=PLANE('',#3270);
#2702=PLANE('',#3271);
#2703=PLANE('',#3272);
#2704=PLANE('',#3273);
#2705=PLANE('',#3274);
#2706=PLANE('',#3275);
#2707=PLANE('',#3276);
#2708=PLANE('',#3277);
#2709=PLANE('',#3278);
#2710=PLANE('',#3279);
#2711=PLANE('',#3280);
#2712=PLANE('',#3281);
#2713=PLANE('',#3282);
#2714=PLANE('',#3283);
#2715=PLANE('',#3284);
#2716=PLANE('',#3285);
#2717=PLANE('',#3286);
#2718=PLANE('',#3287);
#2719=PLANE('',#3288);
#2720=PLANE('',#3289);
#2721=PLANE('',#3290);
#2722=PLANE('',#3291);
#2723=PLANE('',#3293);
#2724=PLANE('',#3294);
#2725=PLANE('',#3295);
#2726=PLANE('',#3296);
#2727=PLANE('',#3297);
#2728=PLANE('',#3298);
#2729=PLANE('',#3299);
#2730=PLANE('',#3300);
#2731=PLANE('',#3301);
#2732=PLANE('',#3302);
#2733=PLANE('',#3303);
#2734=PLANE('',#3304);
#2735=PLANE('',#3305);
#2736=PLANE('',#3306);
#2737=PLANE('',#3307);
#2738=PLANE('',#3308);
#2739=PLANE('',#3309);
#2740=PLANE('',#3310);
#2741=PLANE('',#3311);
#2742=PLANE('',#3312);
#2743=PLANE('',#3320);
#2744=PLANE('',#3321);
#2745=PLANE('',#3323);
#2746=PLANE('',#3324);
#2747=PLANE('',#3325);
#2748=PLANE('',#3326);
#2749=PLANE('',#3327);
#2750=PLANE('',#3331);
#2751=PLANE('',#3333);
#2752=PLANE('',#3334);
#2753=PLANE('',#3335);
#2754=PLANE('',#3336);
#2755=PLANE('',#3337);
#2756=PLANE('',#3341);
#2757=PLANE('',#3346);
#2758=PLANE('',#3348);
#2759=PLANE('',#3352);
#2760=PLANE('',#3353);
#2761=PLANE('',#3354);
#2762=PLANE('',#3355);
#2763=PLANE('',#3356);
#2764=PLANE('',#3357);
#2765=PLANE('',#3358);
#2766=PLANE('',#3359);
#2767=PLANE('',#3360);
#2768=PLANE('',#3361);
#2769=PLANE('',#3362);
#2770=PLANE('',#3363);
#2771=PLANE('',#3364);
#2772=PLANE('',#3365);
#2773=PLANE('',#3366);
#2774=PLANE('',#3367);
#2775=PLANE('',#3368);
#2776=PLANE('',#3369);
#2777=PLANE('',#3370);
#2778=PLANE('',#3371);
#2779=PLANE('',#3372);
#2780=PLANE('',#3373);
#2781=PLANE('',#3375);
#2782=PLANE('',#3376);
#2783=PLANE('',#3380);
#2784=PLANE('',#3381);
#2785=PLANE('',#3382);
#2786=PLANE('',#3383);
#2787=PLANE('',#3391);
#2788=PLANE('',#3392);
#2789=PLANE('',#3400);
#2790=PLANE('',#3401);
#2791=PLANE('',#3406);
#2792=PLANE('',#3407);
#2793=PLANE('',#3415);
#2794=PLANE('',#3416);
#2795=PLANE('',#3418);
#2796=PLANE('',#3419);
#2797=PLANE('',#3420);
#2798=PLANE('',#3421);
#2799=PLANE('',#3422);
#2800=PLANE('',#3423);
#2801=PLANE('',#3424);
#2802=PLANE('',#3425);
#2803=PLANE('',#3426);
#2804=PLANE('',#3427);
#2805=PLANE('',#3435);
#2806=PLANE('',#3436);
#2807=PLANE('',#3438);
#2808=PLANE('',#3451);
#2809=PLANE('',#3455);
#2810=PLANE('',#3459);
#2811=PLANE('',#3462);
#2812=PLANE('',#3471);
#2813=PLANE('',#3472);
#2814=PLANE('',#3474);
#2815=PLANE('',#3475);
#2816=PLANE('',#3476);
#2817=PLANE('',#3477);
#2818=PLANE('',#3478);
#2819=PLANE('',#3479);
#2820=PLANE('',#3480);
#2821=PLANE('',#3481);
#2822=PLANE('',#3482);
#2823=PLANE('',#3483);
#2824=ADVANCED_FACE('',(#2444),#2684,.T.);
#2825=ADVANCED_FACE('',(#2445),#120,.T.);
#2826=ADVANCED_FACE('',(#2446),#121,.T.);
#2827=ADVANCED_FACE('',(#2447),#122,.T.);
#2828=ADVANCED_FACE('',(#2448),#123,.F.);
#2829=ADVANCED_FACE('',(#2449),#2685,.F.);
#2830=ADVANCED_FACE('',(#2450),#124,.T.);
#2831=ADVANCED_FACE('',(#2451),#2686,.T.);
#2832=ADVANCED_FACE('',(#2452),#125,.T.);
#2833=ADVANCED_FACE('',(#2453,#2454,#2455),#2687,.T.);
#2834=ADVANCED_FACE('',(#2456,#2457,#2458),#2688,.F.);
#2835=ADVANCED_FACE('',(#2459,#2460),#126,.F.);
#2836=ADVANCED_FACE('',(#2461,#2462),#127,.F.);
#2837=ADVANCED_FACE('',(#2463),#2689,.T.);
#2838=ADVANCED_FACE('',(#2464),#2690,.F.);
#2839=ADVANCED_FACE('',(#2465,#2466),#128,.F.);
#2840=ADVANCED_FACE('',(#2467),#2691,.T.);
#2841=ADVANCED_FACE('',(#2468,#2469),#2692,.F.);
#2842=ADVANCED_FACE('',(#2470),#2693,.F.);
#2843=ADVANCED_FACE('',(#2471,#2472),#2694,.T.);
#2844=ADVANCED_FACE('',(#2473,#2474),#2695,.F.);
#2845=ADVANCED_FACE('',(#2475,#2476),#2696,.T.);
#2846=ADVANCED_FACE('',(#2477,#2478),#2697,.T.);
#2847=ADVANCED_FACE('',(#2479,#2480),#2698,.F.);
#2848=ADVANCED_FACE('',(#2481,#2482,#2483,#2484),#2699,.T.);
#2849=ADVANCED_FACE('',(#2485,#2486,#2487,#2488,#2489,#2490),#2700,.F.);
#2850=ADVANCED_FACE('',(#2491,#2492),#129,.F.);
#2851=ADVANCED_FACE('',(#2493,#2494),#130,.T.);
#2852=ADVANCED_FACE('',(#2495),#2701,.T.);
#2853=ADVANCED_FACE('',(#2496),#2702,.F.);
#2854=ADVANCED_FACE('',(#2497),#2703,.F.);
#2855=ADVANCED_FACE('',(#2498),#2704,.T.);
#2856=ADVANCED_FACE('',(#2499),#2705,.T.);
#2857=ADVANCED_FACE('',(#2500),#2706,.F.);
#2858=ADVANCED_FACE('',(#2501),#2707,.F.);
#2859=ADVANCED_FACE('',(#2502),#2708,.T.);
#2860=ADVANCED_FACE('',(#2503),#2709,.F.);
#2861=ADVANCED_FACE('',(#2504),#2710,.T.);
#2862=ADVANCED_FACE('',(#2505),#2711,.T.);
#2863=ADVANCED_FACE('',(#2506),#2712,.T.);
#2864=ADVANCED_FACE('',(#2507),#2713,.F.);
#2865=ADVANCED_FACE('',(#2508),#2714,.F.);
#2866=ADVANCED_FACE('',(#2509),#2715,.T.);
#2867=ADVANCED_FACE('',(#2510),#2716,.T.);
#2868=ADVANCED_FACE('',(#2511),#2717,.F.);
#2869=ADVANCED_FACE('',(#2512),#2718,.T.);
#2870=ADVANCED_FACE('',(#2513),#2719,.T.);
#2871=ADVANCED_FACE('',(#2514),#2720,.F.);
#2872=ADVANCED_FACE('',(#2515),#2721,.F.);
#2873=ADVANCED_FACE('',(#2516),#2722,.T.);
#2874=ADVANCED_FACE('',(#2517),#2723,.T.);
#2875=ADVANCED_FACE('',(#2518),#2724,.T.);
#2876=ADVANCED_FACE('',(#2519),#2725,.T.);
#2877=ADVANCED_FACE('',(#2520),#2726,.T.);
#2878=ADVANCED_FACE('',(#2521),#2727,.T.);
#2879=ADVANCED_FACE('',(#2522),#2728,.F.);
#2880=ADVANCED_FACE('',(#2523),#2729,.F.);
#2881=ADVANCED_FACE('',(#2524),#2730,.F.);
#2882=ADVANCED_FACE('',(#2525),#2731,.F.);
#2883=ADVANCED_FACE('',(#2526),#2732,.T.);
#2884=ADVANCED_FACE('',(#2527),#2733,.F.);
#2885=ADVANCED_FACE('',(#2528),#2734,.F.);
#2886=ADVANCED_FACE('',(#2529),#2735,.F.);
#2887=ADVANCED_FACE('',(#2530),#2736,.T.);
#2888=ADVANCED_FACE('',(#2531),#2737,.T.);
#2889=ADVANCED_FACE('',(#2532),#2738,.F.);
#2890=ADVANCED_FACE('',(#2533),#2739,.T.);
#2891=ADVANCED_FACE('',(#2534),#2740,.T.);
#2892=ADVANCED_FACE('',(#2535),#2741,.T.);
#2893=ADVANCED_FACE('',(#2536),#2742,.T.);
#2894=ADVANCED_FACE('',(#2537,#2538),#131,.F.);
#2895=ADVANCED_FACE('',(#2539,#2540),#132,.T.);
#2896=ADVANCED_FACE('',(#2541,#2542),#2743,.T.);
#2897=ADVANCED_FACE('',(#2543,#2544),#2744,.F.);
#2898=ADVANCED_FACE('',(#2545),#2745,.T.);
#2899=ADVANCED_FACE('',(#2546),#2746,.F.);
#2900=ADVANCED_FACE('',(#2547),#2747,.F.);
#2901=ADVANCED_FACE('',(#2548),#2748,.T.);
#2902=ADVANCED_FACE('',(#2549,#2550),#2749,.F.);
#2903=ADVANCED_FACE('',(#2551,#2552),#133,.F.);
#2904=ADVANCED_FACE('',(#2553,#2554),#2750,.F.);
#2905=ADVANCED_FACE('',(#2555),#2751,.T.);
#2906=ADVANCED_FACE('',(#2556),#2752,.F.);
#2907=ADVANCED_FACE('',(#2557),#2753,.F.);
#2908=ADVANCED_FACE('',(#2558),#2754,.T.);
#2909=ADVANCED_FACE('',(#2559,#2560),#2755,.T.);
#2910=ADVANCED_FACE('',(#2561,#2562),#134,.F.);
#2911=ADVANCED_FACE('',(#2563,#2564),#2756,.F.);
#2912=ADVANCED_FACE('',(#2565,#2566),#135,.T.);
#2913=ADVANCED_FACE('',(#2567,#2568),#2757,.T.);
#2914=ADVANCED_FACE('',(#2569,#2570),#2758,.F.);
#2915=ADVANCED_FACE('',(#2571,#2572),#136,.F.);
#2916=ADVANCED_FACE('',(#2573),#2759,.T.);
#2917=ADVANCED_FACE('',(#2574),#2760,.T.);
#2918=ADVANCED_FACE('',(#2575),#2761,.F.);
#2919=ADVANCED_FACE('',(#2576),#2762,.F.);
#2920=ADVANCED_FACE('',(#2577),#2763,.T.);
#2921=ADVANCED_FACE('',(#2578),#2764,.F.);
#2922=ADVANCED_FACE('',(#2579),#2765,.T.);
#2923=ADVANCED_FACE('',(#2580),#2766,.T.);
#2924=ADVANCED_FACE('',(#2581),#2767,.T.);
#2925=ADVANCED_FACE('',(#2582),#2768,.F.);
#2926=ADVANCED_FACE('',(#2583),#2769,.T.);
#2927=ADVANCED_FACE('',(#2584),#2770,.F.);
#2928=ADVANCED_FACE('',(#2585),#2771,.T.);
#2929=ADVANCED_FACE('',(#2586),#2772,.T.);
#2930=ADVANCED_FACE('',(#2587),#2773,.T.);
#2931=ADVANCED_FACE('',(#2588),#2774,.F.);
#2932=ADVANCED_FACE('',(#2589),#2775,.F.);
#2933=ADVANCED_FACE('',(#2590),#2776,.T.);
#2934=ADVANCED_FACE('',(#2591),#2777,.F.);
#2935=ADVANCED_FACE('',(#2592),#2778,.F.);
#2936=ADVANCED_FACE('',(#2593),#2779,.T.);
#2937=ADVANCED_FACE('',(#2594),#2780,.T.);
#2938=ADVANCED_FACE('',(#2595),#2781,.T.);
#2939=ADVANCED_FACE('',(#2596),#2782,.F.);
#2940=ADVANCED_FACE('',(#2597,#2598),#137,.F.);
#2941=ADVANCED_FACE('',(#2599),#2783,.T.);
#2942=ADVANCED_FACE('',(#2600),#2784,.F.);
#2943=ADVANCED_FACE('',(#2601,#2602),#2785,.T.);
#2944=ADVANCED_FACE('',(#2603,#2604),#2786,.T.);
#2945=ADVANCED_FACE('',(#2605,#2606),#138,.F.);
#2946=ADVANCED_FACE('',(#2607,#2608),#139,.T.);
#2947=ADVANCED_FACE('',(#2609,#2610),#2787,.T.);
#2948=ADVANCED_FACE('',(#2611,#2612),#2788,.F.);
#2949=ADVANCED_FACE('',(#2613,#2614),#140,.F.);
#2950=ADVANCED_FACE('',(#2615,#2616),#141,.T.);
#2951=ADVANCED_FACE('',(#2617,#2618),#2789,.T.);
#2952=ADVANCED_FACE('',(#2619,#2620),#2790,.F.);
#2953=ADVANCED_FACE('',(#2621,#2622),#142,.T.);
#2954=ADVANCED_FACE('',(#2623),#2791,.F.);
#2955=ADVANCED_FACE('',(#2624),#2792,.T.);
#2956=ADVANCED_FACE('',(#2625,#2626),#143,.F.);
#2957=ADVANCED_FACE('',(#2627,#2628),#144,.T.);
#2958=ADVANCED_FACE('',(#2629,#2630),#2793,.T.);
#2959=ADVANCED_FACE('',(#2631,#2632),#2794,.F.);
#2960=ADVANCED_FACE('',(#2633),#2795,.F.);
#2961=ADVANCED_FACE('',(#2634),#2796,.T.);
#2962=ADVANCED_FACE('',(#2635),#2797,.F.);
#2963=ADVANCED_FACE('',(#2636),#2798,.F.);
#2964=ADVANCED_FACE('',(#2637),#2799,.T.);
#2965=ADVANCED_FACE('',(#2638),#2800,.T.);
#2966=ADVANCED_FACE('',(#2639),#2801,.F.);
#2967=ADVANCED_FACE('',(#2640),#2802,.T.);
#2968=ADVANCED_FACE('',(#2641),#2803,.T.);
#2969=ADVANCED_FACE('',(#2642),#2804,.F.);
#2970=ADVANCED_FACE('',(#2643,#2644),#145,.F.);
#2971=ADVANCED_FACE('',(#2645,#2646),#146,.T.);
#2972=ADVANCED_FACE('',(#2647,#2648),#2805,.T.);
#2973=ADVANCED_FACE('',(#2649,#2650),#2806,.F.);
#2974=ADVANCED_FACE('',(#2651),#2807,.T.);
#2975=ADVANCED_FACE('',(#2652),#147,.T.);
#2976=ADVANCED_FACE('',(#2653),#148,.T.);
#2977=ADVANCED_FACE('',(#2654),#149,.T.);
#2978=ADVANCED_FACE('',(#2655),#150,.F.);
#2979=ADVANCED_FACE('',(#2656),#2808,.F.);
#2980=ADVANCED_FACE('',(#2657),#151,.T.);
#2981=ADVANCED_FACE('',(#2658),#2809,.T.);
#2982=ADVANCED_FACE('',(#2659),#152,.T.);
#2983=ADVANCED_FACE('',(#2660,#2661,#2662),#2810,.T.);
#2984=ADVANCED_FACE('',(#2663,#2664,#2665),#2811,.F.);
#2985=ADVANCED_FACE('',(#2666,#2667),#153,.F.);
#2986=ADVANCED_FACE('',(#2668,#2669),#154,.F.);
#2987=ADVANCED_FACE('',(#2670,#2671),#155,.T.);
#2988=ADVANCED_FACE('',(#2672),#2812,.F.);
#2989=ADVANCED_FACE('',(#2673),#2813,.T.);
#2990=ADVANCED_FACE('',(#2674),#2814,.F.);
#2991=ADVANCED_FACE('',(#2675),#2815,.T.);
#2992=ADVANCED_FACE('',(#2676),#2816,.F.);
#2993=ADVANCED_FACE('',(#2677),#2817,.F.);
#2994=ADVANCED_FACE('',(#2678),#2818,.T.);
#2995=ADVANCED_FACE('',(#2679),#2819,.T.);
#2996=ADVANCED_FACE('',(#2680),#2820,.F.);
#2997=ADVANCED_FACE('',(#2681),#2821,.T.);
#2998=ADVANCED_FACE('',(#2682),#2822,.T.);
#2999=ADVANCED_FACE('',(#2683),#2823,.F.);
#3000=CLOSED_SHELL('',(#2824,#2825,#2826,#2827,#2828,#2829,#2830,#2831,
#2832,#2833,#2834,#2835,#2836));
#3001=CLOSED_SHELL('',(#2837,#2838,#2839,#2840,#2841,#2842,#2843));
#3002=CLOSED_SHELL('',(#2844,#2845,#2846,#2847,#2848,#2849,#2850,#2851,
#2852,#2853,#2854,#2855,#2856,#2857,#2858,#2859,#2860,#2861,#2862,#2863,
#2864,#2865,#2866,#2867,#2868,#2869,#2870,#2871,#2872,#2873));
#3003=CLOSED_SHELL('',(#2874,#2875,#2876,#2877,#2878,#2879,#2880,#2881,
#2882,#2883,#2884,#2885,#2886,#2887,#2888,#2889,#2890,#2891,#2892,#2893));
#3004=CLOSED_SHELL('',(#2894,#2895,#2896,#2897));
#3005=CLOSED_SHELL('',(#2898,#2899,#2900,#2901,#2902,#2903,#2904));
#3006=CLOSED_SHELL('',(#2905,#2906,#2907,#2908,#2909,#2910,#2911));
#3007=CLOSED_SHELL('',(#2912,#2913,#2914,#2915));
#3008=CLOSED_SHELL('',(#2916,#2917,#2918,#2919,#2920,#2921,#2922,#2923,
#2924,#2925,#2926,#2927,#2928,#2929,#2930,#2931,#2932,#2933,#2934,#2935,
#2936,#2937));
#3009=CLOSED_SHELL('',(#2938,#2939,#2940,#2941,#2942,#2943,#2944));
#3010=CLOSED_SHELL('',(#2945,#2946,#2947,#2948));
#3011=CLOSED_SHELL('',(#2949,#2950,#2951,#2952));
#3012=CLOSED_SHELL('',(#2953,#2954,#2955));
#3013=CLOSED_SHELL('',(#2956,#2957,#2958,#2959));
#3014=CLOSED_SHELL('',(#2960,#2961,#2962,#2963,#2964,#2965,#2966,#2967,
#2968,#2969));
#3015=CLOSED_SHELL('',(#2970,#2971,#2972,#2973));
#3016=CLOSED_SHELL('',(#2974,#2975,#2976,#2977,#2978,#2979,#2980,#2981,
#2982,#2983,#2984,#2985,#2986));
#3017=CLOSED_SHELL('',(#2987,#2988,#2989));
#3018=CLOSED_SHELL('',(#2990,#2991,#2992,#2993,#2994,#2995,#2996,#2997,
#2998,#2999));
#3019=STYLED_ITEM('',(#3038),#3160);
#3020=STYLED_ITEM('',(#3039),#3161);
#3021=STYLED_ITEM('',(#3040),#3162);
#3022=STYLED_ITEM('',(#3041),#3163);
#3023=STYLED_ITEM('',(#3042),#3164);
#3024=STYLED_ITEM('',(#3043),#3165);
#3025=STYLED_ITEM('',(#3044),#3166);
#3026=STYLED_ITEM('',(#3045),#3167);
#3027=STYLED_ITEM('',(#3046),#3168);
#3028=STYLED_ITEM('',(#3047),#3169);
#3029=STYLED_ITEM('',(#3048),#3170);
#3030=STYLED_ITEM('',(#3049),#3171);
#3031=STYLED_ITEM('',(#3050),#3172);
#3032=STYLED_ITEM('',(#3051),#3173);
#3033=STYLED_ITEM('',(#3052),#3174);
#3034=STYLED_ITEM('',(#3053),#3175);
#3035=STYLED_ITEM('',(#3054),#3176);
#3036=STYLED_ITEM('',(#3055),#3177);
#3037=STYLED_ITEM('',(#3056),#3178);
#3038=PRESENTATION_STYLE_ASSIGNMENT((#3057));
#3039=PRESENTATION_STYLE_ASSIGNMENT((#3058));
#3040=PRESENTATION_STYLE_ASSIGNMENT((#3059));
#3041=PRESENTATION_STYLE_ASSIGNMENT((#3060));
#3042=PRESENTATION_STYLE_ASSIGNMENT((#3061));
#3043=PRESENTATION_STYLE_ASSIGNMENT((#3062));
#3044=PRESENTATION_STYLE_ASSIGNMENT((#3063));
#3045=PRESENTATION_STYLE_ASSIGNMENT((#3064));
#3046=PRESENTATION_STYLE_ASSIGNMENT((#3065));
#3047=PRESENTATION_STYLE_ASSIGNMENT((#3066));
#3048=PRESENTATION_STYLE_ASSIGNMENT((#3067));
#3049=PRESENTATION_STYLE_ASSIGNMENT((#3068));
#3050=PRESENTATION_STYLE_ASSIGNMENT((#3069));
#3051=PRESENTATION_STYLE_ASSIGNMENT((#3070));
#3052=PRESENTATION_STYLE_ASSIGNMENT((#3071));
#3053=PRESENTATION_STYLE_ASSIGNMENT((#3072));
#3054=PRESENTATION_STYLE_ASSIGNMENT((#3073));
#3055=PRESENTATION_STYLE_ASSIGNMENT((#3074));
#3056=PRESENTATION_STYLE_ASSIGNMENT((#3075));
#3057=SURFACE_STYLE_USAGE(.BOTH.,#3076);
#3058=SURFACE_STYLE_USAGE(.BOTH.,#3077);
#3059=SURFACE_STYLE_USAGE(.BOTH.,#3078);
#3060=SURFACE_STYLE_USAGE(.BOTH.,#3079);
#3061=SURFACE_STYLE_USAGE(.BOTH.,#3080);
#3062=SURFACE_STYLE_USAGE(.BOTH.,#3081);
#3063=SURFACE_STYLE_USAGE(.BOTH.,#3082);
#3064=SURFACE_STYLE_USAGE(.BOTH.,#3083);
#3065=SURFACE_STYLE_USAGE(.BOTH.,#3084);
#3066=SURFACE_STYLE_USAGE(.BOTH.,#3085);
#3067=SURFACE_STYLE_USAGE(.BOTH.,#3086);
#3068=SURFACE_STYLE_USAGE(.BOTH.,#3087);
#3069=SURFACE_STYLE_USAGE(.BOTH.,#3088);
#3070=SURFACE_STYLE_USAGE(.BOTH.,#3089);
#3071=SURFACE_STYLE_USAGE(.BOTH.,#3090);
#3072=SURFACE_STYLE_USAGE(.BOTH.,#3091);
#3073=SURFACE_STYLE_USAGE(.BOTH.,#3092);
#3074=SURFACE_STYLE_USAGE(.BOTH.,#3093);
#3075=SURFACE_STYLE_USAGE(.BOTH.,#3094);
#3076=SURFACE_SIDE_STYLE('',(#3095));
#3077=SURFACE_SIDE_STYLE('',(#3096));
#3078=SURFACE_SIDE_STYLE('',(#3097));
#3079=SURFACE_SIDE_STYLE('',(#3098));
#3080=SURFACE_SIDE_STYLE('',(#3099));
#3081=SURFACE_SIDE_STYLE('',(#3100));
#3082=SURFACE_SIDE_STYLE('',(#3101));
#3083=SURFACE_SIDE_STYLE('',(#3102));
#3084=SURFACE_SIDE_STYLE('',(#3103));
#3085=SURFACE_SIDE_STYLE('',(#3104));
#3086=SURFACE_SIDE_STYLE('',(#3105));
#3087=SURFACE_SIDE_STYLE('',(#3106));
#3088=SURFACE_SIDE_STYLE('',(#3107));
#3089=SURFACE_SIDE_STYLE('',(#3108));
#3090=SURFACE_SIDE_STYLE('',(#3109));
#3091=SURFACE_SIDE_STYLE('',(#3110));
#3092=SURFACE_SIDE_STYLE('',(#3111));
#3093=SURFACE_SIDE_STYLE('',(#3112));
#3094=SURFACE_SIDE_STYLE('',(#3113));
#3095=SURFACE_STYLE_FILL_AREA(#3114);
#3096=SURFACE_STYLE_FILL_AREA(#3115);
#3097=SURFACE_STYLE_FILL_AREA(#3116);
#3098=SURFACE_STYLE_FILL_AREA(#3117);
#3099=SURFACE_STYLE_FILL_AREA(#3118);
#3100=SURFACE_STYLE_FILL_AREA(#3119);
#3101=SURFACE_STYLE_FILL_AREA(#3120);
#3102=SURFACE_STYLE_FILL_AREA(#3121);
#3103=SURFACE_STYLE_FILL_AREA(#3122);
#3104=SURFACE_STYLE_FILL_AREA(#3123);
#3105=SURFACE_STYLE_FILL_AREA(#3124);
#3106=SURFACE_STYLE_FILL_AREA(#3125);
#3107=SURFACE_STYLE_FILL_AREA(#3126);
#3108=SURFACE_STYLE_FILL_AREA(#3127);
#3109=SURFACE_STYLE_FILL_AREA(#3128);
#3110=SURFACE_STYLE_FILL_AREA(#3129);
#3111=SURFACE_STYLE_FILL_AREA(#3130);
#3112=SURFACE_STYLE_FILL_AREA(#3131);
#3113=SURFACE_STYLE_FILL_AREA(#3132);
#3114=FILL_AREA_STYLE('',(#3133));
#3115=FILL_AREA_STYLE('',(#3134));
#3116=FILL_AREA_STYLE('',(#3135));
#3117=FILL_AREA_STYLE('',(#3136));
#3118=FILL_AREA_STYLE('',(#3137));
#3119=FILL_AREA_STYLE('',(#3138));
#3120=FILL_AREA_STYLE('',(#3139));
#3121=FILL_AREA_STYLE('',(#3140));
#3122=FILL_AREA_STYLE('',(#3141));
#3123=FILL_AREA_STYLE('',(#3142));
#3124=FILL_AREA_STYLE('',(#3143));
#3125=FILL_AREA_STYLE('',(#3144));
#3126=FILL_AREA_STYLE('',(#3145));
#3127=FILL_AREA_STYLE('',(#3146));
#3128=FILL_AREA_STYLE('',(#3147));
#3129=FILL_AREA_STYLE('',(#3148));
#3130=FILL_AREA_STYLE('',(#3149));
#3131=FILL_AREA_STYLE('',(#3150));
#3132=FILL_AREA_STYLE('',(#3151));
#3133=FILL_AREA_STYLE_COLOUR('',#3152);
#3134=FILL_AREA_STYLE_COLOUR('',#3153);
#3135=FILL_AREA_STYLE_COLOUR('',#3154);
#3136=FILL_AREA_STYLE_COLOUR('',#3155);
#3137=FILL_AREA_STYLE_COLOUR('',#3156);
#3138=FILL_AREA_STYLE_COLOUR('',#3153);
#3139=FILL_AREA_STYLE_COLOUR('',#3153);
#3140=FILL_AREA_STYLE_COLOUR('',#3156);
#3141=FILL_AREA_STYLE_COLOUR('',#3157);
#3142=FILL_AREA_STYLE_COLOUR('',#3153);
#3143=FILL_AREA_STYLE_COLOUR('',#3155);
#3144=FILL_AREA_STYLE_COLOUR('',#3153);
#3145=FILL_AREA_STYLE_COLOUR('',#3158);
#3146=FILL_AREA_STYLE_COLOUR('',#3158);
#3147=FILL_AREA_STYLE_COLOUR('',#3159);
#3148=FILL_AREA_STYLE_COLOUR('',#3157);
#3149=FILL_AREA_STYLE_COLOUR('',#3152);
#3150=FILL_AREA_STYLE_COLOUR('',#3152);
#3151=FILL_AREA_STYLE_COLOUR('',#3159);
#3152=COLOUR_RGB('',0.768627450980392,0.886274509803922,0.952941176470588);
#3153=COLOUR_RGB('',0.917647058823529,0.917647058823529,0.917647058823529);
#3154=COLOUR_RGB('',0.498039215686275,0.498039215686275,0.498039215686275);
#3155=COLOUR_RGB('',0.647058823529412,0.647058823529412,0.647058823529412);
#3156=COLOUR_RGB('',0.615686274509804,0.811764705882353,0.929411764705882);
#3157=COLOUR_RGB('',0.231372549019608,0.380392156862745,0.705882352941177);
#3158=COLOUR_RGB('',0.972549019607843,0.529411764705882,0.00392156862745098);
#3159=COLOUR_RGB('',0.980392156862745,0.713725490196078,0.00392156862745098);
#3160=MANIFOLD_SOLID_BREP('Right_Throttle_Arm',#3000);
#3161=MANIFOLD_SOLID_BREP('Mount_For_Left_Arm',#3001);
#3162=MANIFOLD_SOLID_BREP('Rocket_Frame',#3002);
#3163=MANIFOLD_SOLID_BREP('TVC_Servo_Right',#3003);
#3164=MANIFOLD_SOLID_BREP('Pulley_TVC_1',#3004);
#3165=MANIFOLD_SOLID_BREP('Mount_For_Right_Arm',#3005);
#3166=MANIFOLD_SOLID_BREP('Mount_For_Left_Arm',#3006);
#3167=MANIFOLD_SOLID_BREP('TVC_Tube',#3007);
#3168=MANIFOLD_SOLID_BREP('TVC_Servo_Left',#3008);
#3169=MANIFOLD_SOLID_BREP('Mount_For_Right_Arm',#3009);
#3170=MANIFOLD_SOLID_BREP('Pulley_TVC_2',#3010);
#3171=MANIFOLD_SOLID_BREP('Pulley_TVC_4',#3011);
#3172=MANIFOLD_SOLID_BREP('Part 19',#3012);
#3173=MANIFOLD_SOLID_BREP('Motor_Divider',#3013);
#3174=MANIFOLD_SOLID_BREP('XAxis_ServoMount',#3014);
#3175=MANIFOLD_SOLID_BREP('Pulley_TVC_3',#3015);
#3176=MANIFOLD_SOLID_BREP('Left_Throttle_Arm',#3016);
#3177=MANIFOLD_SOLID_BREP('Part 18',#3017);
#3178=MANIFOLD_SOLID_BREP('YAxis_ServoMount',#3018);
#3179=SHAPE_DEFINITION_REPRESENTATION(#5295,#3198);
#3180=SHAPE_DEFINITION_REPRESENTATION(#5296,#3199);
#3181=SHAPE_DEFINITION_REPRESENTATION(#5297,#3200);
#3182=SHAPE_DEFINITION_REPRESENTATION(#5298,#3201);
#3183=SHAPE_DEFINITION_REPRESENTATION(#5299,#3202);
#3184=SHAPE_DEFINITION_REPRESENTATION(#5300,#3203);
#3185=SHAPE_DEFINITION_REPRESENTATION(#5301,#3204);
#3186=SHAPE_DEFINITION_REPRESENTATION(#5302,#3205);
#3187=SHAPE_DEFINITION_REPRESENTATION(#5303,#3206);
#3188=SHAPE_DEFINITION_REPRESENTATION(#5304,#3207);
#3189=SHAPE_DEFINITION_REPRESENTATION(#5305,#3208);
#3190=SHAPE_DEFINITION_REPRESENTATION(#5306,#3209);
#3191=SHAPE_DEFINITION_REPRESENTATION(#5307,#3210);
#3192=SHAPE_DEFINITION_REPRESENTATION(#5308,#3211);
#3193=SHAPE_DEFINITION_REPRESENTATION(#5309,#3212);
#3194=SHAPE_DEFINITION_REPRESENTATION(#5310,#3213);
#3195=SHAPE_DEFINITION_REPRESENTATION(#5311,#3214);
#3196=SHAPE_DEFINITION_REPRESENTATION(#5312,#3215);
#3197=SHAPE_DEFINITION_REPRESENTATION(#5313,#3216);
#3198=SHAPE_REPRESENTATION('Right_Throttle_Arm',(#3217),#5200);
#3199=SHAPE_REPRESENTATION('Mount_For_Left_Arm',(#3247),#5201);
#3200=SHAPE_REPRESENTATION('Rocket_Frame',(#3257),#5202);
#3201=SHAPE_REPRESENTATION('TVC_Servo_Right',(#3292),#5203);
#3202=SHAPE_REPRESENTATION('Pulley_TVC_1',(#3313),#5204);
#3203=SHAPE_REPRESENTATION('Mount_For_Right_Arm',(#3322),#5205);
#3204=SHAPE_REPRESENTATION('Mount_For_Left_Arm',(#3332),#5206);
#3205=SHAPE_REPRESENTATION('TVC_Tube',(#3342),#5207);
#3206=SHAPE_REPRESENTATION('TVC_Servo_Left',(#3351),#5208);
#3207=SHAPE_REPRESENTATION('Mount_For_Right_Arm',(#3374),#5209);
#3208=SHAPE_REPRESENTATION('Pulley_TVC_2',(#3384),#5210);
#3209=SHAPE_REPRESENTATION('Pulley_TVC_4',(#3393),#5211);
#3210=SHAPE_REPRESENTATION('Part 19',(#3402),#5212);
#3211=SHAPE_REPRESENTATION('Motor_Divider',(#3408),#5213);
#3212=SHAPE_REPRESENTATION('XAxis_ServoMount',(#3417),#5214);
#3213=SHAPE_REPRESENTATION('Pulley_TVC_3',(#3428),#5215);
#3214=SHAPE_REPRESENTATION('Left_Throttle_Arm',(#3437),#5216);
#3215=SHAPE_REPRESENTATION('Part 18',(#3467),#5217);
#3216=SHAPE_REPRESENTATION('YAxis_ServoMount',(#3473),#5218);
#3217=AXIS2_PLACEMENT_3D('',#4330,#3484,#3485);
#3218=AXIS2_PLACEMENT_3D('',#4331,#3486,#3487);
#3219=AXIS2_PLACEMENT_3D('',#4340,#3492,#3493);
#3220=AXIS2_PLACEMENT_3D('',#4341,#3494,#3495);
#3221=AXIS2_PLACEMENT_3D('',#4345,#3497,#3498);
#3222=AXIS2_PLACEMENT_3D('',#4346,#3499,#3500);
#3223=AXIS2_PLACEMENT_3D('',#4347,#3501,#3502);
#3224=AXIS2_PLACEMENT_3D('',#4351,#3504,#3505);
#3225=AXIS2_PLACEMENT_3D('',#4352,#3506,#3507);
#3226=AXIS2_PLACEMENT_3D('',#4353,#3508,#3509);
#3227=AXIS2_PLACEMENT_3D('',#4357,#3511,#3512);
#3228=AXIS2_PLACEMENT_3D('',#4358,#3513,#3514);
#3229=AXIS2_PLACEMENT_3D('',#4359,#3515,#3516);
#3230=AXIS2_PLACEMENT_3D('',#4363,#3518,#3519);
#3231=AXIS2_PLACEMENT_3D('',#4364,#3520,#3521);
#3232=AXIS2_PLACEMENT_3D('',#4370,#3525,#3526);
#3233=AXIS2_PLACEMENT_3D('',#4371,#3527,#3528);
#3234=AXIS2_PLACEMENT_3D('',#4375,#3530,#3531);
#3235=AXIS2_PLACEMENT_3D('',#4376,#3532,#3533);
#3236=AXIS2_PLACEMENT_3D('',#4382,#3537,#3538);
#3237=AXIS2_PLACEMENT_3D('',#4383,#3539,#3540);
#3238=AXIS2_PLACEMENT_3D('',#4384,#3541,#3542);
#3239=AXIS2_PLACEMENT_3D('',#4385,#3543,#3544);
#3240=AXIS2_PLACEMENT_3D('',#4386,#3545,#3546);
#3241=AXIS2_PLACEMENT_3D('',#4388,#3547,#3548);
#3242=AXIS2_PLACEMENT_3D('',#4390,#3549,#3550);
#3243=AXIS2_PLACEMENT_3D('',#4391,#3551,#3552);
#3244=AXIS2_PLACEMENT_3D('',#4393,#3553,#3554);
#3245=AXIS2_PLACEMENT_3D('',#4395,#3555,#3556);
#3246=AXIS2_PLACEMENT_3D('',#4396,#3557,#3558);
#3247=AXIS2_PLACEMENT_3D('',#4397,#3559,#3560);
#3248=AXIS2_PLACEMENT_3D('',#4398,#3561,#3562);
#3249=AXIS2_PLACEMENT_3D('',#4407,#3567,#3568);
#3250=AXIS2_PLACEMENT_3D('',#4416,#3573,#3574);
#3251=AXIS2_PLACEMENT_3D('',#4417,#3575,#3576);
#3252=AXIS2_PLACEMENT_3D('',#4419,#3577,#3578);
#3253=AXIS2_PLACEMENT_3D('',#4421,#3579,#3580);
#3254=AXIS2_PLACEMENT_3D('',#4424,#3583,#3584);
#3255=AXIS2_PLACEMENT_3D('',#4426,#3586,#3587);
#3256=AXIS2_PLACEMENT_3D('',#4428,#3589,#3590);
#3257=AXIS2_PLACEMENT_3D('',#4429,#3591,#3592);
#3258=AXIS2_PLACEMENT_3D('',#4430,#3593,#3594);
#3259=AXIS2_PLACEMENT_3D('',#4447,#3603,#3604);
#3260=AXIS2_PLACEMENT_3D('',#4464,#3613,#3614);
#3261=AXIS2_PLACEMENT_3D('',#4481,#3623,#3624);
#3262=AXIS2_PLACEMENT_3D('',#4498,#3633,#3634);
#3263=AXIS2_PLACEMENT_3D('',#4499,#3635,#3636);
#3264=AXIS2_PLACEMENT_3D('',#4501,#3637,#3638);
#3265=AXIS2_PLACEMENT_3D('',#4519,#3647,#3648);
#3266=AXIS2_PLACEMENT_3D('',#4532,#3657,#3658);
#3267=AXIS2_PLACEMENT_3D('',#4534,#3659,#3660);
#3268=AXIS2_PLACEMENT_3D('',#4544,#3665,#3666);
#3269=AXIS2_PLACEMENT_3D('',#4545,#3667,#3668);
#3270=AXIS2_PLACEMENT_3D('',#4546,#3669,#3670);
#3271=AXIS2_PLACEMENT_3D('',#4549,#3673,#3674);
#3272=AXIS2_PLACEMENT_3D('',#4551,#3676,#3677);
#3273=AXIS2_PLACEMENT_3D('',#4553,#3679,#3680);
#3274=AXIS2_PLACEMENT_3D('',#4554,#3681,#3682);
#3275=AXIS2_PLACEMENT_3D('',#4557,#3685,#3686);
#3276=AXIS2_PLACEMENT_3D('',#4559,#3688,#3689);
#3277=AXIS2_PLACEMENT_3D('',#4561,#3691,#3692);
#3278=AXIS2_PLACEMENT_3D('',#4562,#3693,#3694);
#3279=AXIS2_PLACEMENT_3D('',#4564,#3696,#3697);
#3280=AXIS2_PLACEMENT_3D('',#4566,#3699,#3700);
#3281=AXIS2_PLACEMENT_3D('',#4567,#3701,#3702);
#3282=AXIS2_PLACEMENT_3D('',#4570,#3705,#3706);
#3283=AXIS2_PLACEMENT_3D('',#4572,#3708,#3709);
#3284=AXIS2_PLACEMENT_3D('',#4574,#3711,#3712);
#3285=AXIS2_PLACEMENT_3D('',#4575,#3713,#3714);
#3286=AXIS2_PLACEMENT_3D('',#4577,#3716,#3717);
#3287=AXIS2_PLACEMENT_3D('',#4579,#3719,#3720);
#3288=AXIS2_PLACEMENT_3D('',#4580,#3721,#3722);
#3289=AXIS2_PLACEMENT_3D('',#4583,#3725,#3726);
#3290=AXIS2_PLACEMENT_3D('',#4585,#3728,#3729);
#3291=AXIS2_PLACEMENT_3D('',#4587,#3731,#3732);
#3292=AXIS2_PLACEMENT_3D('',#4588,#3733,#3734);
#3293=AXIS2_PLACEMENT_3D('',#4589,#3735,#3736);
#3294=AXIS2_PLACEMENT_3D('',#4606,#3745,#3746);
#3295=AXIS2_PLACEMENT_3D('',#4619,#3753,#3754);
#3296=AXIS2_PLACEMENT_3D('',#4633,#3762,#3763);
#3297=AXIS2_PLACEMENT_3D('',#4644,#3770,#3771);
#3298=AXIS2_PLACEMENT_3D('',#4648,#3774,#3775);
#3299=AXIS2_PLACEMENT_3D('',#4652,#3778,#3779);
#3300=AXIS2_PLACEMENT_3D('',#4654,#3781,#3782);
#3301=AXIS2_PLACEMENT_3D('',#4660,#3786,#3787);
#3302=AXIS2_PLACEMENT_3D('',#4666,#3791,#3792);
#3303=AXIS2_PLACEMENT_3D('',#4668,#3794,#3795);
#3304=AXIS2_PLACEMENT_3D('',#4672,#3798,#3799);
#3305=AXIS2_PLACEMENT_3D('',#4676,#3802,#3803);
#3306=AXIS2_PLACEMENT_3D('',#4680,#3806,#3807);
#3307=AXIS2_PLACEMENT_3D('',#4684,#3810,#3811);
#3308=AXIS2_PLACEMENT_3D('',#4686,#3813,#3814);
#3309=AXIS2_PLACEMENT_3D('',#4690,#3817,#3818);
#3310=AXIS2_PLACEMENT_3D('',#4692,#3820,#3821);
#3311=AXIS2_PLACEMENT_3D('',#4696,#3824,#3825);
#3312=AXIS2_PLACEMENT_3D('',#4698,#3827,#3828);
#3313=AXIS2_PLACEMENT_3D('',#4699,#3829,#3830);
#3314=AXIS2_PLACEMENT_3D('',#4700,#3831,#3832);
#3315=AXIS2_PLACEMENT_3D('',#4701,#3833,#3834);
#3316=AXIS2_PLACEMENT_3D('',#4703,#3835,#3836);
#3317=AXIS2_PLACEMENT_3D('',#4705,#3837,#3838);
#3318=AXIS2_PLACEMENT_3D('',#4706,#3839,#3840);
#3319=AXIS2_PLACEMENT_3D('',#4708,#3841,#3842);
#3320=AXIS2_PLACEMENT_3D('',#4710,#3843,#3844);
#3321=AXIS2_PLACEMENT_3D('',#4711,#3845,#3846);
#3322=AXIS2_PLACEMENT_3D('',#4712,#3847,#3848);
#3323=AXIS2_PLACEMENT_3D('',#4713,#3849,#3850);
#3324=AXIS2_PLACEMENT_3D('',#4722,#3855,#3856);
#3325=AXIS2_PLACEMENT_3D('',#4731,#3861,#3862);
#3326=AXIS2_PLACEMENT_3D('',#4734,#3865,#3866);
#3327=AXIS2_PLACEMENT_3D('',#4737,#3869,#3870);
#3328=AXIS2_PLACEMENT_3D('',#4738,#3871,#3872);
#3329=AXIS2_PLACEMENT_3D('',#4740,#3873,#3874);
#3330=AXIS2_PLACEMENT_3D('',#4741,#3875,#3876);
#3331=AXIS2_PLACEMENT_3D('',#4743,#3877,#3878);
#3332=AXIS2_PLACEMENT_3D('',#4744,#3879,#3880);
#3333=AXIS2_PLACEMENT_3D('',#4745,#3881,#3882);
#3334=AXIS2_PLACEMENT_3D('',#4754,#3887,#3888);
#3335=AXIS2_PLACEMENT_3D('',#4763,#3893,#3894);
#3336=AXIS2_PLACEMENT_3D('',#4766,#3897,#3898);
#3337=AXIS2_PLACEMENT_3D('',#4769,#3901,#3902);
#3338=AXIS2_PLACEMENT_3D('',#4770,#3903,#3904);
#3339=AXIS2_PLACEMENT_3D('',#4772,#3905,#3906);
#3340=AXIS2_PLACEMENT_3D('',#4773,#3907,#3908);
#3341=AXIS2_PLACEMENT_3D('',#4775,#3909,#3910);
#3342=AXIS2_PLACEMENT_3D('',#4776,#3911,#3912);
#3343=AXIS2_PLACEMENT_3D('',#4777,#3913,#3914);
#3344=AXIS2_PLACEMENT_3D('',#4778,#3915,#3916);
#3345=AXIS2_PLACEMENT_3D('',#4780,#3917,#3918);
#3346=AXIS2_PLACEMENT_3D('',#4782,#3919,#3920);
#3347=AXIS2_PLACEMENT_3D('',#4783,#3921,#3922);
#3348=AXIS2_PLACEMENT_3D('',#4785,#3923,#3924);
#3349=AXIS2_PLACEMENT_3D('',#4786,#3925,#3926);
#3350=AXIS2_PLACEMENT_3D('',#4788,#3927,#3928);
#3351=AXIS2_PLACEMENT_3D('',#4789,#3929,#3930);
#3352=AXIS2_PLACEMENT_3D('',#4790,#3931,#3932);
#3353=AXIS2_PLACEMENT_3D('',#4807,#3941,#3942);
#3354=AXIS2_PLACEMENT_3D('',#4820,#3949,#3950);
#3355=AXIS2_PLACEMENT_3D('',#4834,#3958,#3959);
#3356=AXIS2_PLACEMENT_3D('',#4845,#3966,#3967);
#3357=AXIS2_PLACEMENT_3D('',#4853,#3972,#3973);
#3358=AXIS2_PLACEMENT_3D('',#4857,#3976,#3977);
#3359=AXIS2_PLACEMENT_3D('',#4859,#3979,#3980);
#3360=AXIS2_PLACEMENT_3D('',#4865,#3984,#3985);
#3361=AXIS2_PLACEMENT_3D('',#4869,#3988,#3989);
#3362=AXIS2_PLACEMENT_3D('',#4873,#3992,#3993);
#3363=AXIS2_PLACEMENT_3D('',#4877,#3996,#3997);
#3364=AXIS2_PLACEMENT_3D('',#4881,#4000,#4001);
#3365=AXIS2_PLACEMENT_3D('',#4897,#4011,#4012);
#3366=AXIS2_PLACEMENT_3D('',#4899,#4014,#4015);
#3367=AXIS2_PLACEMENT_3D('',#4901,#4017,#4018);
#3368=AXIS2_PLACEMENT_3D('',#4903,#4020,#4021);
#3369=AXIS2_PLACEMENT_3D('',#4904,#4022,#4023);
#3370=AXIS2_PLACEMENT_3D('',#4906,#4025,#4026);
#3371=AXIS2_PLACEMENT_3D('',#4908,#4028,#4029);
#3372=AXIS2_PLACEMENT_3D('',#4910,#4031,#4032);
#3373=AXIS2_PLACEMENT_3D('',#4911,#4033,#4034);
#3374=AXIS2_PLACEMENT_3D('',#4912,#4035,#4036);
#3375=AXIS2_PLACEMENT_3D('',#4913,#4037,#4038);
#3376=AXIS2_PLACEMENT_3D('',#4922,#4043,#4044);
#3377=AXIS2_PLACEMENT_3D('',#4931,#4049,#4050);
#3378=AXIS2_PLACEMENT_3D('',#4932,#4051,#4052);
#3379=AXIS2_PLACEMENT_3D('',#4934,#4053,#4054);
#3380=AXIS2_PLACEMENT_3D('',#4936,#4055,#4056);
#3381=AXIS2_PLACEMENT_3D('',#4939,#4059,#4060);
#3382=AXIS2_PLACEMENT_3D('',#4942,#4063,#4064);
#3383=AXIS2_PLACEMENT_3D('',#4943,#4065,#4066);
#3384=AXIS2_PLACEMENT_3D('',#4944,#4067,#4068);
#3385=AXIS2_PLACEMENT_3D('',#4945,#4069,#4070);
#3386=AXIS2_PLACEMENT_3D('',#4946,#4071,#4072);
#3387=AXIS2_PLACEMENT_3D('',#4948,#4073,#4074);
#3388=AXIS2_PLACEMENT_3D('',#4950,#4075,#4076);
#3389=AXIS2_PLACEMENT_3D('',#4951,#4077,#4078);
#3390=AXIS2_PLACEMENT_3D('',#4953,#4079,#4080);
#3391=AXIS2_PLACEMENT_3D('',#4955,#4081,#4082);
#3392=AXIS2_PLACEMENT_3D('',#4956,#4083,#4084);
#3393=AXIS2_PLACEMENT_3D('',#4957,#4085,#4086);
#3394=AXIS2_PLACEMENT_3D('',#4958,#4087,#4088);
#3395=AXIS2_PLACEMENT_3D('',#4959,#4089,#4090);
#3396=AXIS2_PLACEMENT_3D('',#4961,#4091,#4092);
#3397=AXIS2_PLACEMENT_3D('',#4963,#4093,#4094);
#3398=AXIS2_PLACEMENT_3D('',#4964,#4095,#4096);
#3399=AXIS2_PLACEMENT_3D('',#4966,#4097,#4098);
#3400=AXIS2_PLACEMENT_3D('',#4968,#4099,#4100);
#3401=AXIS2_PLACEMENT_3D('',#4969,#4101,#4102);
#3402=AXIS2_PLACEMENT_3D('',#4970,#4103,#4104);
#3403=AXIS2_PLACEMENT_3D('',#4971,#4105,#4106);
#3404=AXIS2_PLACEMENT_3D('',#4972,#4107,#4108);
#3405=AXIS2_PLACEMENT_3D('',#4974,#4109,#4110);
#3406=AXIS2_PLACEMENT_3D('',#4976,#4111,#4112);
#3407=AXIS2_PLACEMENT_3D('',#4977,#4113,#4114);
#3408=AXIS2_PLACEMENT_3D('',#4978,#4115,#4116);
#3409=AXIS2_PLACEMENT_3D('',#4979,#4117,#4118);
#3410=AXIS2_PLACEMENT_3D('',#4980,#4119,#4120);
#3411=AXIS2_PLACEMENT_3D('',#4982,#4121,#4122);
#3412=AXIS2_PLACEMENT_3D('',#4984,#4123,#4124);
#3413=AXIS2_PLACEMENT_3D('',#4985,#4125,#4126);
#3414=AXIS2_PLACEMENT_3D('',#4987,#4127,#4128);
#3415=AXIS2_PLACEMENT_3D('',#4989,#4129,#4130);
#3416=AXIS2_PLACEMENT_3D('',#4990,#4131,#4132);
#3417=AXIS2_PLACEMENT_3D('',#4991,#4133,#4134);
#3418=AXIS2_PLACEMENT_3D('',#4992,#4135,#4136);
#3419=AXIS2_PLACEMENT_3D('',#5009,#4145,#4146);
#3420=AXIS2_PLACEMENT_3D('',#5015,#4150,#4151);
#3421=AXIS2_PLACEMENT_3D('',#5019,#4154,#4155);
#3422=AXIS2_PLACEMENT_3D('',#5028,#4161,#4162);
#3423=AXIS2_PLACEMENT_3D('',#5030,#4164,#4165);
#3424=AXIS2_PLACEMENT_3D('',#5031,#4166,#4167);
#3425=AXIS2_PLACEMENT_3D('',#5035,#4170,#4171);
#3426=AXIS2_PLACEMENT_3D('',#5039,#4174,#4175);
#3427=AXIS2_PLACEMENT_3D('',#5041,#4177,#4178);
#3428=AXIS2_PLACEMENT_3D('',#5042,#4179,#4180);
#3429=AXIS2_PLACEMENT_3D('',#5043,#4181,#4182);
#3430=AXIS2_PLACEMENT_3D('',#5044,#4183,#4184);
#3431=AXIS2_PLACEMENT_3D('',#5046,#4185,#4186);
#3432=AXIS2_PLACEMENT_3D('',#5048,#4187,#4188);
#3433=AXIS2_PLACEMENT_3D('',#5049,#4189,#4190);
#3434=AXIS2_PLACEMENT_3D('',#5051,#4191,#4192);
#3435=AXIS2_PLACEMENT_3D('',#5053,#4193,#4194);
#3436=AXIS2_PLACEMENT_3D('',#5054,#4195,#4196);
#3437=AXIS2_PLACEMENT_3D('',#5055,#4197,#4198);
#3438=AXIS2_PLACEMENT_3D('',#5056,#4199,#4200);
#3439=AXIS2_PLACEMENT_3D('',#5065,#4205,#4206);
#3440=AXIS2_PLACEMENT_3D('',#5066,#4207,#4208);
#3441=AXIS2_PLACEMENT_3D('',#5068,#4209,#4210);
#3442=AXIS2_PLACEMENT_3D('',#5071,#4212,#4213);
#3443=AXIS2_PLACEMENT_3D('',#5072,#4214,#4215);
#3444=AXIS2_PLACEMENT_3D('',#5074,#4216,#4217);
#3445=AXIS2_PLACEMENT_3D('',#5077,#4219,#4220);
#3446=AXIS2_PLACEMENT_3D('',#5078,#4221,#4222);
#3447=AXIS2_PLACEMENT_3D('',#5080,#4223,#4224);
#3448=AXIS2_PLACEMENT_3D('',#5083,#4226,#4227);
#3449=AXIS2_PLACEMENT_3D('',#5084,#4228,#4229);
#3450=AXIS2_PLACEMENT_3D('',#5086,#4230,#4231);
#3451=AXIS2_PLACEMENT_3D('',#5089,#4233,#4234);
#3452=AXIS2_PLACEMENT_3D('',#5095,#4238,#4239);
#3453=AXIS2_PLACEMENT_3D('',#5096,#4240,#4241);
#3454=AXIS2_PLACEMENT_3D('',#5098,#4242,#4243);
#3455=AXIS2_PLACEMENT_3D('',#5101,#4245,#4246);
#3456=AXIS2_PLACEMENT_3D('',#5107,#4250,#4251);
#3457=AXIS2_PLACEMENT_3D('',#5108,#4252,#4253);
#3458=AXIS2_PLACEMENT_3D('',#5109,#4254,#4255);
#3459=AXIS2_PLACEMENT_3D('',#5110,#4256,#4257);
#3460=AXIS2_PLACEMENT_3D('',#5111,#4258,#4259);
#3461=AXIS2_PLACEMENT_3D('',#5113,#4260,#4261);
#3462=AXIS2_PLACEMENT_3D('',#5115,#4262,#4263);
#3463=AXIS2_PLACEMENT_3D('',#5116,#4264,#4265);
#3464=AXIS2_PLACEMENT_3D('',#5118,#4266,#4267);
#3465=AXIS2_PLACEMENT_3D('',#5120,#4268,#4269);
#3466=AXIS2_PLACEMENT_3D('',#5121,#4270,#4271);
#3467=AXIS2_PLACEMENT_3D('',#5122,#4272,#4273);
#3468=AXIS2_PLACEMENT_3D('',#5123,#4274,#4275);
#3469=AXIS2_PLACEMENT_3D('',#5124,#4276,#4277);
#3470=AXIS2_PLACEMENT_3D('',#5126,#4278,#4279);
#3471=AXIS2_PLACEMENT_3D('',#5128,#4280,#4281);
#3472=AXIS2_PLACEMENT_3D('',#5129,#4282,#4283);
#3473=AXIS2_PLACEMENT_3D('',#5130,#4284,#4285);
#3474=AXIS2_PLACEMENT_3D('',#5131,#4286,#4287);
#3475=AXIS2_PLACEMENT_3D('',#5148,#4296,#4297);
#3476=AXIS2_PLACEMENT_3D('',#5154,#4301,#4302);
#3477=AXIS2_PLACEMENT_3D('',#5158,#4305,#4306);
#3478=AXIS2_PLACEMENT_3D('',#5167,#4312,#4313);
#3479=AXIS2_PLACEMENT_3D('',#5169,#4315,#4316);
#3480=AXIS2_PLACEMENT_3D('',#5170,#4317,#4318);
#3481=AXIS2_PLACEMENT_3D('',#5174,#4321,#4322);
#3482=AXIS2_PLACEMENT_3D('',#5178,#4325,#4326);
#3483=AXIS2_PLACEMENT_3D('',#5180,#4328,#4329);
#3484=DIRECTION('',(0.,0.,1.));
#3485=DIRECTION('',(1.,0.,0.));
#3486=DIRECTION('',(0.,0.,-1.));
#3487=DIRECTION('',(-1.,0.,0.));
#3488=DIRECTION('',(-1.,0.,0.));
#3489=DIRECTION('',(0.,1.,0.));
#3490=DIRECTION('',(-1.,0.,0.));
#3491=DIRECTION('',(0.,1.,0.));
#3492=DIRECTION('',(0.,1.,0.));
#3493=DIRECTION('',(0.,0.,1.));
#3494=DIRECTION('',(0.,-1.,0.));
#3495=DIRECTION('',(0.,0.,-1.));
#3496=DIRECTION('',(0.,1.,0.));
#3497=DIRECTION('',(0.,-1.,0.));
#3498=DIRECTION('',(0.,0.,-1.));
#3499=DIRECTION('',(0.,1.,0.));
#3500=DIRECTION('',(0.,0.,1.));
#3501=DIRECTION('',(0.,-1.,0.));
#3502=DIRECTION('',(0.,0.,-1.));
#3503=DIRECTION('',(0.,1.,0.));
#3504=DIRECTION('',(0.,-1.,0.));
#3505=DIRECTION('',(0.,0.,-1.));
#3506=DIRECTION('',(0.,1.,0.));
#3507=DIRECTION('',(0.,0.,1.));
#3508=DIRECTION('',(0.,-1.,0.));
#3509=DIRECTION('',(0.,0.,-1.));
#3510=DIRECTION('',(0.,1.,0.));
#3511=DIRECTION('',(0.,-1.,0.));
#3512=DIRECTION('',(0.,0.,-1.));
#3513=DIRECTION('',(0.,1.,0.));
#3514=DIRECTION('',(0.,0.,1.));
#3515=DIRECTION('',(0.,-1.,0.));
#3516=DIRECTION('',(0.,0.,-1.));
#3517=DIRECTION('',(0.,1.,0.));
#3518=DIRECTION('',(0.,-1.,0.));
#3519=DIRECTION('',(0.,0.,-1.));
#3520=DIRECTION('',(0.,0.,-1.));
#3521=DIRECTION('',(-1.,0.,0.));
#3522=DIRECTION('',(-1.,0.,0.));
#3523=DIRECTION('',(0.,1.,0.));
#3524=DIRECTION('',(-1.,0.,0.));
#3525=DIRECTION('',(0.,1.,0.));
#3526=DIRECTION('',(0.,0.,1.));
#3527=DIRECTION('',(0.,-1.,0.));
#3528=DIRECTION('',(0.,0.,-1.));
#3529=DIRECTION('',(0.,1.,0.));
#3530=DIRECTION('',(0.,-1.,0.));
#3531=DIRECTION('',(0.,0.,-1.));
#3532=DIRECTION('',(-1.,0.,0.));
#3533=DIRECTION('',(0.,0.,1.));
#3534=DIRECTION('',(0.,0.,1.));
#3535=DIRECTION('',(0.,1.,0.));
#3536=DIRECTION('',(0.,0.,1.));
#3537=DIRECTION('',(0.,1.,0.));
#3538=DIRECTION('',(0.,0.,1.));
#3539=DIRECTION('',(0.,-1.,0.));
#3540=DIRECTION('',(0.,0.,-1.));
#3541=DIRECTION('',(0.,-1.,0.));
#3542=DIRECTION('',(0.,0.,-1.));
#3543=DIRECTION('',(0.,-1.,0.));
#3544=DIRECTION('',(1.,0.,0.));
#3545=DIRECTION('',(0.,-1.,0.));
#3546=DIRECTION('',(0.,0.,-1.));
#3547=DIRECTION('',(0.,-1.,0.));
#3548=DIRECTION('',(0.,0.,-1.));
#3549=DIRECTION('',(0.,-1.,0.));
#3550=DIRECTION('',(1.,0.,0.));
#3551=DIRECTION('',(0.,-1.,0.));
#3552=DIRECTION('',(0.,0.,-1.));
#3553=DIRECTION('',(0.,1.,0.));
#3554=DIRECTION('',(0.,0.,1.));
#3555=DIRECTION('',(0.,1.,0.));
#3556=DIRECTION('',(0.,0.,1.));
#3557=DIRECTION('',(0.,-1.,0.));
#3558=DIRECTION('',(0.,0.,-1.));
#3559=DIRECTION('',(0.,0.,1.));
#3560=DIRECTION('',(1.,0.,0.));
#3561=DIRECTION('',(1.,0.,0.));
#3562=DIRECTION('',(0.,1.,0.));
#3563=DIRECTION('',(0.,-1.,0.));
#3564=DIRECTION('',(0.,0.,-1.));
#3565=DIRECTION('',(0.,-1.,0.));
#3566=DIRECTION('',(0.,0.,1.));
#3567=DIRECTION('',(1.,0.,0.));
#3568=DIRECTION('',(0.,1.,0.));
#3569=DIRECTION('',(0.,0.,-1.));
#3570=DIRECTION('',(0.,-1.,0.));
#3571=DIRECTION('',(0.,0.,1.));
#3572=DIRECTION('',(0.,-1.,0.));
#3573=DIRECTION('',(0.,1.,0.));
#3574=DIRECTION('',(0.,0.,1.));
#3575=DIRECTION('',(0.,1.,0.));
#3576=DIRECTION('',(0.,0.,1.));
#3577=DIRECTION('',(0.,-1.,0.));
#3578=DIRECTION('',(0.,0.,-1.));
#3579=DIRECTION('',(0.,0.,-1.));
#3580=DIRECTION('',(-1.,0.,0.));
#3581=DIRECTION('',(1.,0.,0.));
#3582=DIRECTION('',(-1.,0.,0.));
#3583=DIRECTION('',(0.,-1.,0.));
#3584=DIRECTION('',(0.,0.,-1.));
#3585=DIRECTION('',(-1.,0.,0.));
#3586=DIRECTION('',(0.,0.,-1.));
#3587=DIRECTION('',(-1.,0.,0.));
#3588=DIRECTION('',(1.,0.,0.));
#3589=DIRECTION('',(0.,-1.,0.));
#3590=DIRECTION('',(0.,0.,-1.));
#3591=DIRECTION('',(0.,0.,1.));
#3592=DIRECTION('',(1.,0.,0.));
#3593=DIRECTION('',(-1.,0.,0.));
#3594=DIRECTION('',(0.,0.,1.));
#3595=DIRECTION('',(0.,-1.,0.));
#3596=DIRECTION('',(0.,0.,1.));
#3597=DIRECTION('',(0.,-1.,0.));
#3598=DIRECTION('',(0.,0.,1.));
#3599=DIRECTION('',(0.,-3.25260651745651E-16,-1.));
#3600=DIRECTION('',(0.,1.,0.));
#3601=DIRECTION('',(0.,-3.25260651745651E-16,-1.));
#3602=DIRECTION('',(0.,1.,0.));
#3603=DIRECTION('',(-1.,0.,0.));
#3604=DIRECTION('',(0.,0.,1.));
#3605=DIRECTION('',(0.,-1.,0.));
#3606=DIRECTION('',(0.,0.,1.));
#3607=DIRECTION('',(0.,-1.,0.));
#3608=DIRECTION('',(0.,0.,1.));
#3609=DIRECTION('',(0.,1.,0.));
#3610=DIRECTION('',(0.,-3.25260651745651E-16,-1.));
#3611=DIRECTION('',(0.,1.,0.));
#3612=DIRECTION('',(0.,-3.25260651745651E-16,-1.));
#3613=DIRECTION('',(0.,1.,0.));
#3614=DIRECTION('',(0.,0.,1.));
#3615=DIRECTION('',(-1.,0.,0.));
#3616=DIRECTION('',(0.,0.,1.));
#3617=DIRECTION('',(-1.,0.,0.));
#3618=DIRECTION('',(0.,0.,1.));
#3619=DIRECTION('',(2.16840434497101E-16,0.,-1.));
#3620=DIRECTION('',(1.,0.,0.));
#3621=DIRECTION('',(2.16840434497101E-16,0.,-1.));
#3622=DIRECTION('',(1.,0.,0.));
#3623=DIRECTION('',(0.,1.,0.));
#3624=DIRECTION('',(0.,0.,1.));
#3625=DIRECTION('',(-1.,0.,0.));
#3626=DIRECTION('',(0.,0.,1.));
#3627=DIRECTION('',(-1.,0.,0.));
#3628=DIRECTION('',(0.,0.,1.));
#3629=DIRECTION('',(-1.,0.,0.));
#3630=DIRECTION('',(-2.16840434497101E-16,0.,1.));
#3631=DIRECTION('',(-1.,0.,0.));
#3632=DIRECTION('',(-2.16840434497101E-16,0.,1.));
#3633=DIRECTION('',(0.,0.,1.));
#3634=DIRECTION('',(1.,0.,0.));
#3635=DIRECTION('',(0.,0.,1.));
#3636=DIRECTION('',(1.,0.,0.));
#3637=DIRECTION('',(0.,0.,1.));
#3638=DIRECTION('',(1.,0.,0.));
#3639=DIRECTION('',(-1.,0.,0.));
#3640=DIRECTION('',(0.,-1.,0.));
#3641=DIRECTION('',(-1.,0.,0.));
#3642=DIRECTION('',(0.,-1.,0.));
#3643=DIRECTION('',(0.,1.,0.));
#3644=DIRECTION('',(-1.,-1.37251750218109E-16,0.));
#3645=DIRECTION('',(0.,1.,0.));
#3646=DIRECTION('',(-1.,-2.42683913913657E-16,0.));
#3647=DIRECTION('',(0.,0.,1.));
#3648=DIRECTION('',(1.,0.,0.));
#3649=DIRECTION('',(-1.,-1.18276600634782E-16,0.));
#3650=DIRECTION('',(-1.,-1.18276600634782E-16,0.));
#3651=DIRECTION('',(-1.5770213417971E-16,-1.,0.));
#3652=DIRECTION('',(-1.5770213417971E-16,-1.,0.));
#3653=DIRECTION('',(0.,-1.,0.));
#3654=DIRECTION('',(-1.,0.,0.));
#3655=DIRECTION('',(0.,-1.,0.));
#3656=DIRECTION('',(-1.,0.,0.));
#3657=DIRECTION('',(0.,0.,1.));
#3658=DIRECTION('',(1.,0.,0.));
#3659=DIRECTION('',(0.,0.,1.));
#3660=DIRECTION('',(1.,0.,0.));
#3661=DIRECTION('',(-1.,-1.37251750218109E-16,0.));
#3662=DIRECTION('',(0.,1.,0.));
#3663=DIRECTION('',(-1.,-2.42683913913657E-16,0.));
#3664=DIRECTION('',(0.,1.,0.));
#3665=DIRECTION('',(0.,0.,-1.));
#3666=DIRECTION('',(-1.,0.,0.));
#3667=DIRECTION('',(0.,0.,-1.));
#3668=DIRECTION('',(-1.,0.,0.));
#3669=DIRECTION('',(-1.,0.,0.));
#3670=DIRECTION('',(0.,0.,1.));
#3671=DIRECTION('',(0.,0.,1.));
#3672=DIRECTION('',(0.,0.,1.));
#3673=DIRECTION('',(0.,1.,0.));
#3674=DIRECTION('',(0.,0.,1.));
#3675=DIRECTION('',(0.,0.,1.));
#3676=DIRECTION('',(-1.,0.,0.));
#3677=DIRECTION('',(0.,0.,1.));
#3678=DIRECTION('',(0.,0.,1.));
#3679=DIRECTION('',(0.,1.,0.));
#3680=DIRECTION('',(0.,0.,1.));
#3681=DIRECTION('',(-1.37251750218109E-16,1.,0.));
#3682=DIRECTION('',(-1.,-1.37251750218109E-16,0.));
#3683=DIRECTION('',(0.,0.,1.));
#3684=DIRECTION('',(0.,0.,1.));
#3685=DIRECTION('',(1.,0.,0.));
#3686=DIRECTION('',(0.,0.,-1.));
#3687=DIRECTION('',(0.,0.,1.));
#3688=DIRECTION('',(-2.42683913913657E-16,1.,0.));
#3689=DIRECTION('',(-1.,-2.42683913913657E-16,0.));
#3690=DIRECTION('',(0.,0.,1.));
#3691=DIRECTION('',(1.,0.,0.));
#3692=DIRECTION('',(0.,0.,-1.));
#3693=DIRECTION('',(-1.,1.5770213417971E-16,0.));
#3694=DIRECTION('',(-1.5770213417971E-16,-1.,0.));
#3695=DIRECTION('',(-1.5770213417971E-16,-1.,0.));
#3696=DIRECTION('',(-1.,1.5770213417971E-16,0.));
#3697=DIRECTION('',(-1.5770213417971E-16,-1.,0.));
#3698=DIRECTION('',(-1.5770213417971E-16,-1.,0.));
#3699=DIRECTION('',(0.,0.,-1.));
#3700=DIRECTION('',(1.,0.,0.));
#3701=DIRECTION('',(0.,0.,1.));
#3702=DIRECTION('',(1.,0.,0.));
#3703=DIRECTION('',(0.,-1.,0.));
#3704=DIRECTION('',(0.,-1.,0.));
#3705=DIRECTION('',(1.,0.,2.16840434497101E-16));
#3706=DIRECTION('',(2.16840434497101E-16,0.,-1.));
#3707=DIRECTION('',(0.,-1.,0.));
#3708=DIRECTION('',(0.,0.,1.));
#3709=DIRECTION('',(1.,0.,0.));
#3710=DIRECTION('',(0.,-1.,0.));
#3711=DIRECTION('',(1.,0.,2.16840434497101E-16));
#3712=DIRECTION('',(2.16840434497101E-16,0.,-1.));
#3713=DIRECTION('',(-1.18276600634782E-16,1.,0.));
#3714=DIRECTION('',(-1.,-1.18276600634782E-16,0.));
#3715=DIRECTION('',(-1.,-1.18276600634782E-16,0.));
#3716=DIRECTION('',(-1.18276600634782E-16,1.,0.));
#3717=DIRECTION('',(-1.,-1.18276600634782E-16,0.));
#3718=DIRECTION('',(-1.,-1.18276600634782E-16,0.));
#3719=DIRECTION('',(0.,0.,-1.));
#3720=DIRECTION('',(1.,0.,0.));
#3721=DIRECTION('',(0.,1.,-3.25260651745651E-16));
#3722=DIRECTION('',(0.,3.25260651745651E-16,1.));
#3723=DIRECTION('',(-1.,0.,0.));
#3724=DIRECTION('',(-1.,0.,0.));
#3725=DIRECTION('',(0.,0.,1.));
#3726=DIRECTION('',(1.,0.,0.));
#3727=DIRECTION('',(-1.,0.,0.));
#3728=DIRECTION('',(0.,1.,-3.25260651745651E-16));
#3729=DIRECTION('',(0.,3.25260651745651E-16,1.));
#3730=DIRECTION('',(-1.,0.,0.));
#3731=DIRECTION('',(0.,0.,1.));
#3732=DIRECTION('',(1.,0.,0.));
#3733=DIRECTION('',(0.,0.,1.));
#3734=DIRECTION('',(1.,0.,0.));
#3735=DIRECTION('',(1.,0.,0.));
#3736=DIRECTION('',(0.,0.,-1.));
#3737=DIRECTION('',(0.,0.,1.));
#3738=DIRECTION('',(0.,-1.,0.));
#3739=DIRECTION('',(0.,0.,-1.));
#3740=DIRECTION('',(0.,-1.,0.));
#3741=DIRECTION('',(0.,0.,-1.));
#3742=DIRECTION('',(0.,1.,0.));
#3743=DIRECTION('',(0.,-2.12415119507364E-16,1.));
#3744=DIRECTION('',(0.,1.,0.));
#3745=DIRECTION('',(1.,0.,0.));
#3746=DIRECTION('',(0.,0.,-1.));
#3747=DIRECTION('',(0.,-2.31296463463574E-16,1.));
#3748=DIRECTION('',(0.,-1.,0.));
#3749=DIRECTION('',(0.,0.,-1.));
#3750=DIRECTION('',(0.,-1.,0.));
#3751=DIRECTION('',(0.,0.,1.));
#3752=DIRECTION('',(0.,1.,0.));
#3753=DIRECTION('',(2.39272203583008E-16,-1.,0.));
#3754=DIRECTION('',(1.,2.39272203583008E-16,0.));
#3755=DIRECTION('',(0.,0.,1.));
#3756=DIRECTION('',(1.,2.39272203583008E-16,0.));
#3757=DIRECTION('',(0.,0.,-1.));
#3758=DIRECTION('',(-1.,-2.39272203583008E-16,0.));
#3759=DIRECTION('',(0.,0.,-1.));
#3760=DIRECTION('',(-1.,-2.39272203583008E-16,0.));
#3761=DIRECTION('',(-1.,-2.39272203583008E-16,0.));
#3762=DIRECTION('',(0.,0.,1.));
#3763=DIRECTION('',(1.,0.,0.));
#3764=DIRECTION('',(0.,-1.,0.));
#3765=DIRECTION('',(1.,0.,0.));
#3766=DIRECTION('',(-1.,-1.19636101791504E-16,0.));
#3767=DIRECTION('',(5.59588218057035E-17,-1.,0.));
#3768=DIRECTION('',(0.,-1.,0.));
#3769=DIRECTION('',(1.,0.,0.));
#3770=DIRECTION('',(1.,0.,0.));
#3771=DIRECTION('',(0.,0.,-1.));
#3772=DIRECTION('',(0.,0.,-1.));
#3773=DIRECTION('',(0.,1.,0.));
#3774=DIRECTION('',(1.19636101791504E-16,-1.,0.));
#3775=DIRECTION('',(1.,1.19636101791504E-16,0.));
#3776=DIRECTION('',(-1.,-1.19636101791504E-16,0.));
#3777=DIRECTION('',(0.,0.,-1.));
#3778=DIRECTION('',(1.,5.59588218057035E-17,0.));
#3779=DIRECTION('',(-5.59588218057035E-17,1.,0.));
#3780=DIRECTION('',(5.59588218057035E-17,-1.,0.));
#3781=DIRECTION('',(0.,0.,1.));
#3782=DIRECTION('',(1.,0.,0.));
#3783=DIRECTION('',(0.,-1.,0.));
#3784=DIRECTION('',(1.,0.,0.));
#3785=DIRECTION('',(1.,0.,0.));
#3786=DIRECTION('',(0.,0.,-1.));
#3787=DIRECTION('',(-1.,0.,0.));
#3788=DIRECTION('',(1.,0.,0.));
#3789=DIRECTION('',(0.,1.,0.));
#3790=DIRECTION('',(1.,0.,0.));
#3791=DIRECTION('',(0.,1.,0.));
#3792=DIRECTION('',(0.,0.,1.));
#3793=DIRECTION('',(0.,0.,1.));
#3794=DIRECTION('',(0.,1.,0.));
#3795=DIRECTION('',(0.,0.,1.));
#3796=DIRECTION('',(1.,0.,0.));
#3797=DIRECTION('',(0.,0.,1.));
#3798=DIRECTION('',(0.,0.,-1.));
#3799=DIRECTION('',(-1.,0.,0.));
#3800=DIRECTION('',(1.,0.,0.));
#3801=DIRECTION('',(0.,1.,0.));
#3802=DIRECTION('',(0.,1.,2.12415119507364E-16));
#3803=DIRECTION('',(0.,-2.12415119507364E-16,1.));
#3804=DIRECTION('',(1.,0.,0.));
#3805=DIRECTION('',(0.,-2.12415119507364E-16,1.));
#3806=DIRECTION('',(0.,0.,-1.));
#3807=DIRECTION('',(-1.,0.,0.));
#3808=DIRECTION('',(1.,0.,0.));
#3809=DIRECTION('',(0.,1.,0.));
#3810=DIRECTION('',(0.,-1.,0.));
#3811=DIRECTION('',(0.,0.,-1.));
#3812=DIRECTION('',(0.,0.,-1.));
#3813=DIRECTION('',(0.,-1.,0.));
#3814=DIRECTION('',(0.,0.,-1.));
#3815=DIRECTION('',(1.,0.,0.));
#3816=DIRECTION('',(0.,0.,-1.));
#3817=DIRECTION('',(0.,0.,-1.));
#3818=DIRECTION('',(-1.,0.,0.));
#3819=DIRECTION('',(0.,1.,0.));
#3820=DIRECTION('',(0.,0.,1.));
#3821=DIRECTION('',(1.,0.,0.));
#3822=DIRECTION('',(1.,0.,0.));
#3823=DIRECTION('',(0.,-1.,0.));
#3824=DIRECTION('',(0.,1.,2.31296463463574E-16));
#3825=DIRECTION('',(0.,-2.31296463463574E-16,1.));
#3826=DIRECTION('',(0.,-2.31296463463574E-16,1.));
#3827=DIRECTION('',(1.,0.,0.));
#3828=DIRECTION('',(0.,1.,0.));
#3829=DIRECTION('',(0.,0.,1.));
#3830=DIRECTION('',(1.,0.,0.));
#3831=DIRECTION('',(0.,1.,0.));
#3832=DIRECTION('',(0.,0.,1.));
#3833=DIRECTION('',(0.,-1.,0.));
#3834=DIRECTION('',(0.,0.,-1.));
#3835=DIRECTION('',(0.,-1.,0.));
#3836=DIRECTION('',(0.,0.,-1.));
#3837=DIRECTION('',(0.,1.,0.));
#3838=DIRECTION('',(0.,0.,1.));
#3839=DIRECTION('',(0.,-1.,0.));
#3840=DIRECTION('',(0.,0.,-1.));
#3841=DIRECTION('',(0.,-1.,0.));
#3842=DIRECTION('',(0.,0.,-1.));
#3843=DIRECTION('',(0.,-1.,0.));
#3844=DIRECTION('',(1.,0.,0.));
#3845=DIRECTION('',(0.,-1.,0.));
#3846=DIRECTION('',(1.,0.,0.));
#3847=DIRECTION('',(0.,0.,1.));
#3848=DIRECTION('',(1.,0.,0.));
#3849=DIRECTION('',(-1.,0.,0.));
#3850=DIRECTION('',(0.,1.,0.));
#3851=DIRECTION('',(0.,0.,-1.));
#3852=DIRECTION('',(0.,-1.,0.));
#3853=DIRECTION('',(0.,0.,1.));
#3854=DIRECTION('',(0.,-1.,0.));
#3855=DIRECTION('',(-1.,0.,0.));
#3856=DIRECTION('',(0.,1.,0.));
#3857=DIRECTION('',(0.,-1.,0.));
#3858=DIRECTION('',(0.,0.,-1.));
#3859=DIRECTION('',(0.,-1.,0.));
#3860=DIRECTION('',(0.,0.,1.));
#3861=DIRECTION('',(0.,0.,-1.));
#3862=DIRECTION('',(1.,0.,0.));
#3863=DIRECTION('',(-1.,0.,0.));
#3864=DIRECTION('',(1.,0.,0.));
#3865=DIRECTION('',(0.,0.,-1.));
#3866=DIRECTION('',(1.,0.,0.));
#3867=DIRECTION('',(-1.,0.,0.));
#3868=DIRECTION('',(1.,0.,0.));
#3869=DIRECTION('',(0.,-1.,0.));
#3870=DIRECTION('',(0.,0.,-1.));
#3871=DIRECTION('',(0.,-1.,0.));
#3872=DIRECTION('',(0.,0.,1.));
#3873=DIRECTION('',(0.,1.,0.));
#3874=DIRECTION('',(0.,0.,1.));
#3875=DIRECTION('',(0.,1.,0.));
#3876=DIRECTION('',(0.,0.,1.));
#3877=DIRECTION('',(0.,1.,0.));
#3878=DIRECTION('',(0.,0.,1.));
#3879=DIRECTION('',(0.,0.,1.));
#3880=DIRECTION('',(1.,0.,0.));
#3881=DIRECTION('',(1.,0.,0.));
#3882=DIRECTION('',(0.,1.,0.));
#3883=DIRECTION('',(0.,0.,-1.));
#3884=DIRECTION('',(0.,-1.,0.));
#3885=DIRECTION('',(0.,0.,1.));
#3886=DIRECTION('',(0.,-1.,0.));
#3887=DIRECTION('',(1.,0.,0.));
#3888=DIRECTION('',(0.,1.,0.));
#3889=DIRECTION('',(0.,-1.,0.));
#3890=DIRECTION('',(0.,0.,-1.));
#3891=DIRECTION('',(0.,-1.,0.));
#3892=DIRECTION('',(0.,0.,1.));
#3893=DIRECTION('',(0.,0.,-1.));
#3894=DIRECTION('',(-1.,0.,0.));
#3895=DIRECTION('',(1.,0.,0.));
#3896=DIRECTION('',(-1.,0.,0.));
#3897=DIRECTION('',(0.,0.,-1.));
#3898=DIRECTION('',(-1.,0.,0.));
#3899=DIRECTION('',(1.,0.,0.));
#3900=DIRECTION('',(-1.,0.,0.));
#3901=DIRECTION('',(0.,-1.,0.));
#3902=DIRECTION('',(0.,0.,-1.));
#3903=DIRECTION('',(0.,-1.,0.));
#3904=DIRECTION('',(0.,0.,-1.));
#3905=DIRECTION('',(0.,1.,0.));
#3906=DIRECTION('',(0.,0.,1.));
#3907=DIRECTION('',(0.,-1.,0.));
#3908=DIRECTION('',(0.,0.,-1.));
#3909=DIRECTION('',(0.,-1.,0.));
#3910=DIRECTION('',(0.,0.,-1.));
#3911=DIRECTION('',(0.,0.,1.));
#3912=DIRECTION('',(1.,0.,0.));
#3913=DIRECTION('',(0.,0.,-1.));
#3914=DIRECTION('',(-1.,0.,0.));
#3915=DIRECTION('',(0.,0.,1.));
#3916=DIRECTION('',(1.,0.,0.));
#3917=DIRECTION('',(0.,0.,1.));
#3918=DIRECTION('',(1.,0.,0.));
#3919=DIRECTION('',(0.,0.,1.));
#3920=DIRECTION('',(1.,0.,0.));
#3921=DIRECTION('',(0.,0.,1.));
#3922=DIRECTION('',(1.,0.,0.));
#3923=DIRECTION('',(0.,0.,1.));
#3924=DIRECTION('',(1.,0.,0.));
#3925=DIRECTION('',(0.,0.,1.));
#3926=DIRECTION('',(1.,0.,0.));
#3927=DIRECTION('',(0.,0.,-1.));
#3928=DIRECTION('',(-1.,0.,0.));
#3929=DIRECTION('',(0.,0.,1.));
#3930=DIRECTION('',(1.,0.,0.));
#3931=DIRECTION('',(-1.,-1.11917643611407E-16,0.));
#3932=DIRECTION('',(1.11917643611407E-16,-1.,0.));
#3933=DIRECTION('',(-1.11917643611407E-16,1.,0.));
#3934=DIRECTION('',(0.,0.,1.));
#3935=DIRECTION('',(-1.11917643611407E-16,1.,0.));
#3936=DIRECTION('',(0.,0.,-1.));
#3937=DIRECTION('',(-1.11917643611407E-16,1.,0.));
#3938=DIRECTION('',(0.,0.,1.));
#3939=DIRECTION('',(-1.11917643611407E-16,1.,-1.35578852024102E-16));
#3940=DIRECTION('',(3.16973328569328E-32,-2.83220159343152E-16,-1.));
#3941=DIRECTION('',(-1.,-1.11917643611407E-16,0.));
#3942=DIRECTION('',(1.11917643611407E-16,-1.,0.));
#3943=DIRECTION('',(-1.11917643611407E-16,1.,0.));
#3944=DIRECTION('',(0.,0.,-1.));
#3945=DIRECTION('',(-1.11917643611407E-16,1.,0.));
#3946=DIRECTION('',(0.,0.,1.));
#3947=DIRECTION('',(-1.11917643611407E-16,1.,0.));
#3948=DIRECTION('',(0.,0.,1.));
#3949=DIRECTION('',(0.,1.,0.));
#3950=DIRECTION('',(0.,0.,1.));
#3951=DIRECTION('',(1.,0.,0.));
#3952=DIRECTION('',(0.,0.,-1.));
#3953=DIRECTION('',(1.,0.,0.));
#3954=DIRECTION('',(0.,0.,-1.));
#3955=DIRECTION('',(1.,0.,0.));
#3956=DIRECTION('',(1.,0.,0.));
#3957=DIRECTION('',(0.,0.,1.));
#3958=DIRECTION('',(0.,0.,1.));
#3959=DIRECTION('',(1.,0.,0.));
#3960=DIRECTION('',(1.,1.11917643611407E-16,0.));
#3961=DIRECTION('',(1.,0.,0.));
#3962=DIRECTION('',(-1.6787646541711E-16,1.,0.));
#3963=DIRECTION('',(-1.11917643611407E-16,1.,0.));
#3964=DIRECTION('',(1.,1.11917643611407E-16,0.));
#3965=DIRECTION('',(1.11917643611407E-16,-1.,0.));
#3966=DIRECTION('',(-1.,-1.11917643611407E-16,0.));
#3967=DIRECTION('',(1.11917643611407E-16,-1.,0.));
#3968=DIRECTION('',(0.,0.,1.));
#3969=DIRECTION('',(-1.11917643611407E-16,1.,0.));
#3970=DIRECTION('',(3.7795442603234E-32,-3.37707633788867E-16,-1.));
#3971=DIRECTION('',(-1.11917643611407E-16,1.,0.));
#3972=DIRECTION('',(-1.,-1.6787646541711E-16,0.));
#3973=DIRECTION('',(1.6787646541711E-16,-1.,0.));
#3974=DIRECTION('',(0.,0.,-1.));
#3975=DIRECTION('',(-1.6787646541711E-16,1.,0.));
#3976=DIRECTION('',(0.,1.,0.));
#3977=DIRECTION('',(0.,0.,1.));
#3978=DIRECTION('',(1.,0.,0.));
#3979=DIRECTION('',(0.,0.,1.));
#3980=DIRECTION('',(1.,0.,0.));
#3981=DIRECTION('',(1.,1.11917643611407E-16,0.));
#3982=DIRECTION('',(1.,1.11917643611407E-16,0.));
#3983=DIRECTION('',(1.11917643611407E-16,-1.,0.));
#3984=DIRECTION('',(0.,0.,1.));
#3985=DIRECTION('',(1.,0.,0.));
#3986=DIRECTION('',(-1.11917643611407E-16,1.,0.));
#3987=DIRECTION('',(-1.,-1.11917643611407E-16,0.));
#3988=DIRECTION('',(0.,0.,1.));
#3989=DIRECTION('',(1.,0.,0.));
#3990=DIRECTION('',(-1.,-1.11917643611407E-16,0.));
#3991=DIRECTION('',(-1.11917643611407E-16,1.,0.));
#3992=DIRECTION('',(1.11917643611407E-16,-1.,0.));
#3993=DIRECTION('',(1.,1.11917643611407E-16,0.));
#3994=DIRECTION('',(0.,0.,1.));
#3995=DIRECTION('',(-1.,-1.11917643611407E-16,0.));
#3996=DIRECTION('',(1.11917643611407E-16,-1.,0.));
#3997=DIRECTION('',(1.,1.11917643611407E-16,0.));
#3998=DIRECTION('',(-1.,-1.11917643611407E-16,0.));
#3999=DIRECTION('',(0.,0.,1.));
#4000=DIRECTION('',(-1.,-1.11917643611407E-16,0.));
#4001=DIRECTION('',(1.11917643611407E-16,-1.,0.));
#4002=DIRECTION('',(0.,0.,1.));
#4003=DIRECTION('',(-1.11917643611407E-16,1.,0.));
#4004=DIRECTION('',(0.,0.,1.));
#4005=DIRECTION('',(0.,0.,1.));
#4006=DIRECTION('',(-1.11917643611407E-16,1.,0.));
#4007=DIRECTION('',(3.16973328569328E-32,-2.83220159343152E-16,-1.));
#4008=DIRECTION('',(-1.11917643611407E-16,1.,-1.35578852024102E-16));
#4009=DIRECTION('',(-1.11917643611407E-16,1.,0.));
#4010=DIRECTION('',(3.7795442603234E-32,-3.37707633788867E-16,-1.));
#4011=DIRECTION('',(-1.11917643611407E-16,1.,-3.37707633788867E-16));
#4012=DIRECTION('',(0.,3.37707633788867E-16,1.));
#4013=DIRECTION('',(-1.,-1.11917643611407E-16,0.));
#4014=DIRECTION('',(1.11917643611407E-16,-1.,0.));
#4015=DIRECTION('',(1.,1.11917643611407E-16,0.));
#4016=DIRECTION('',(-1.,-1.11917643611407E-16,0.));
#4017=DIRECTION('',(0.,0.,1.));
#4018=DIRECTION('',(1.,0.,0.));
#4019=DIRECTION('',(-1.,-1.11917643611407E-16,0.));
#4020=DIRECTION('',(1.11917643611407E-16,-1.,0.));
#4021=DIRECTION('',(1.,1.11917643611407E-16,0.));
#4022=DIRECTION('',(1.11917643611407E-16,-1.,0.));
#4023=DIRECTION('',(1.,1.11917643611407E-16,0.));
#4024=DIRECTION('',(-1.,-1.11917643611407E-16,0.));
#4025=DIRECTION('',(0.,0.,1.));
#4026=DIRECTION('',(1.,0.,0.));
#4027=DIRECTION('',(-1.,-1.11917643611407E-16,0.));
#4028=DIRECTION('',(-1.11917643611407E-16,1.,-2.83220159343152E-16));
#4029=DIRECTION('',(0.,2.83220159343152E-16,1.));
#4030=DIRECTION('',(-1.,-1.11917643611407E-16,0.));
#4031=DIRECTION('',(-1.51736656420771E-32,1.35578852024102E-16,1.));
#4032=DIRECTION('',(0.,-1.,1.35578852024102E-16));
#4033=DIRECTION('',(0.,0.,1.));
#4034=DIRECTION('',(1.,0.,0.));
#4035=DIRECTION('',(0.,0.,1.));
#4036=DIRECTION('',(1.,0.,0.));
#4037=DIRECTION('',(-1.,0.,0.));
#4038=DIRECTION('',(0.,1.,0.));
#4039=DIRECTION('',(0.,-1.,0.));
#4040=DIRECTION('',(0.,0.,-1.));
#4041=DIRECTION('',(0.,-1.,0.));
#4042=DIRECTION('',(0.,0.,1.));
#4043=DIRECTION('',(-1.,0.,0.));
#4044=DIRECTION('',(0.,1.,0.));
#4045=DIRECTION('',(0.,0.,-1.));
#4046=DIRECTION('',(0.,-1.,0.));
#4047=DIRECTION('',(0.,0.,1.));
#4048=DIRECTION('',(0.,-1.,0.));
#4049=DIRECTION('',(0.,1.,0.));
#4050=DIRECTION('',(0.,0.,1.));
#4051=DIRECTION('',(0.,1.,0.));
#4052=DIRECTION('',(0.,0.,-1.));
#4053=DIRECTION('',(0.,1.,0.));
#4054=DIRECTION('',(0.,0.,1.));
#4055=DIRECTION('',(0.,0.,-1.));
#4056=DIRECTION('',(1.,0.,0.));
#4057=DIRECTION('',(-1.,0.,0.));
#4058=DIRECTION('',(1.,0.,0.));
#4059=DIRECTION('',(0.,0.,-1.));
#4060=DIRECTION('',(1.,0.,0.));
#4061=DIRECTION('',(-1.,0.,0.));
#4062=DIRECTION('',(1.,0.,0.));
#4063=DIRECTION('',(0.,-1.,0.));
#4064=DIRECTION('',(0.,0.,-1.));
#4065=DIRECTION('',(0.,1.,0.));
#4066=DIRECTION('',(0.,0.,1.));
#4067=DIRECTION('',(0.,0.,1.));
#4068=DIRECTION('',(1.,0.,0.));
#4069=DIRECTION('',(-1.,0.,0.));
#4070=DIRECTION('',(0.,0.,1.));
#4071=DIRECTION('',(1.,0.,0.));
#4072=DIRECTION('',(0.,0.,-1.));
#4073=DIRECTION('',(1.,0.,0.));
#4074=DIRECTION('',(0.,0.,-1.));
#4075=DIRECTION('',(-1.,0.,0.));
#4076=DIRECTION('',(0.,0.,1.));
#4077=DIRECTION('',(1.,0.,0.));
#4078=DIRECTION('',(0.,0.,-1.));
#4079=DIRECTION('',(1.,0.,0.));
#4080=DIRECTION('',(0.,0.,-1.));
#4081=DIRECTION('',(1.,0.,0.));
#4082=DIRECTION('',(0.,1.,0.));
#4083=DIRECTION('',(1.,0.,0.));
#4084=DIRECTION('',(0.,1.,0.));
#4085=DIRECTION('',(0.,0.,1.));
#4086=DIRECTION('',(1.,0.,0.));
#4087=DIRECTION('',(-1.,0.,0.));
#4088=DIRECTION('',(0.,0.,1.));
#4089=DIRECTION('',(1.,0.,0.));
#4090=DIRECTION('',(0.,0.,-1.));
#4091=DIRECTION('',(1.,0.,0.));
#4092=DIRECTION('',(0.,0.,-1.));
#4093=DIRECTION('',(-1.,0.,0.));
#4094=DIRECTION('',(0.,0.,1.));
#4095=DIRECTION('',(1.,0.,0.));
#4096=DIRECTION('',(0.,0.,-1.));
#4097=DIRECTION('',(1.,0.,0.));
#4098=DIRECTION('',(0.,0.,-1.));
#4099=DIRECTION('',(1.,0.,0.));
#4100=DIRECTION('',(0.,1.,0.));
#4101=DIRECTION('',(1.,0.,0.));
#4102=DIRECTION('',(0.,1.,0.));
#4103=DIRECTION('',(0.,0.,1.));
#4104=DIRECTION('',(1.,0.,0.));
#4105=DIRECTION('',(0.,-1.,0.));
#4106=DIRECTION('',(0.,0.,-1.));
#4107=DIRECTION('',(0.,-1.,0.));
#4108=DIRECTION('',(0.,0.,-1.));
#4109=DIRECTION('',(0.,-1.,0.));
#4110=DIRECTION('',(0.,0.,-1.));
#4111=DIRECTION('',(0.,-1.,0.));
#4112=DIRECTION('',(1.,0.,0.));
#4113=DIRECTION('',(0.,-1.,0.));
#4114=DIRECTION('',(1.,0.,0.));
#4115=DIRECTION('',(0.,0.,1.));
#4116=DIRECTION('',(1.,0.,0.));
#4117=DIRECTION('',(0.,0.,1.));
#4118=DIRECTION('',(1.,0.,0.));
#4119=DIRECTION('',(0.,0.,-1.));
#4120=DIRECTION('',(-1.,0.,0.));
#4121=DIRECTION('',(0.,0.,-1.));
#4122=DIRECTION('',(-1.,0.,0.));
#4123=DIRECTION('',(0.,0.,1.));
#4124=DIRECTION('',(1.,0.,0.));
#4125=DIRECTION('',(0.,0.,-1.));
#4126=DIRECTION('',(-1.,0.,0.));
#4127=DIRECTION('',(0.,0.,-1.));
#4128=DIRECTION('',(-1.,0.,0.));
#4129=DIRECTION('',(0.,0.,-1.));
#4130=DIRECTION('',(1.,0.,0.));
#4131=DIRECTION('',(0.,0.,-1.));
#4132=DIRECTION('',(1.,0.,0.));
#4133=DIRECTION('',(0.,0.,1.));
#4134=DIRECTION('',(1.,0.,0.));
#4135=DIRECTION('',(0.,0.,-1.));
#4136=DIRECTION('',(6.12323399573677E-17,-1.,0.));
#4137=DIRECTION('',(1.,2.77173021614232E-16,0.));
#4138=DIRECTION('',(-6.12323399573677E-17,1.,0.));
#4139=DIRECTION('',(-1.,1.54708341699496E-16,0.));
#4140=DIRECTION('',(-6.12323399573677E-17,1.,0.));
#4141=DIRECTION('',(-1.,1.0747887261587E-17,0.));
#4142=DIRECTION('',(-6.12323399573677E-17,1.,0.));
#4143=DIRECTION('',(1.,2.77173021614232E-16,0.));
#4144=DIRECTION('',(-6.12323399573677E-17,1.,0.));
#4145=DIRECTION('',(1.,6.12323399573677E-17,0.));
#4146=DIRECTION('',(0.,0.,1.));
#4147=DIRECTION('',(0.,0.,1.));
#4148=DIRECTION('',(-6.12323399573677E-17,1.,0.));
#4149=DIRECTION('',(0.,0.,1.));
#4150=DIRECTION('',(1.54708341699496E-16,1.,0.));
#4151=DIRECTION('',(-1.,1.54708341699496E-16,0.));
#4152=DIRECTION('',(0.,0.,1.));
#4153=DIRECTION('',(-1.,1.54708341699496E-16,0.));
#4154=DIRECTION('',(1.,6.12323399573677E-17,0.));
#4155=DIRECTION('',(0.,0.,1.));
#4156=DIRECTION('',(0.,0.,-1.));
#4157=DIRECTION('',(6.12323399573677E-17,-1.,0.));
#4158=DIRECTION('',(0.,0.,-1.));
#4159=DIRECTION('',(0.,0.,1.));
#4160=DIRECTION('',(-6.12323399573677E-17,1.,0.));
#4161=DIRECTION('',(1.0747887261587E-17,1.,0.));
#4162=DIRECTION('',(-1.,1.0747887261587E-17,0.));
#4163=DIRECTION('',(-1.,1.0747887261587E-17,0.));
#4164=DIRECTION('',(0.,0.,-1.));
#4165=DIRECTION('',(6.12323399573677E-17,-1.,0.));
#4166=DIRECTION('',(2.77173021614232E-16,-1.,0.));
#4167=DIRECTION('',(1.,2.77173021614232E-16,0.));
#4168=DIRECTION('',(0.,0.,1.));
#4169=DIRECTION('',(1.,2.77173021614232E-16,0.));
#4170=DIRECTION('',(2.77173021614232E-16,-1.,0.));
#4171=DIRECTION('',(1.,2.77173021614232E-16,0.));
#4172=DIRECTION('',(1.,2.77173021614232E-16,0.));
#4173=DIRECTION('',(0.,0.,1.));
#4174=DIRECTION('',(0.,0.,1.));
#4175=DIRECTION('',(6.12323399573677E-17,-1.,0.));
#4176=DIRECTION('',(-6.12323399573677E-17,1.,0.));
#4177=DIRECTION('',(1.,6.12323399573677E-17,0.));
#4178=DIRECTION('',(0.,0.,1.));
#4179=DIRECTION('',(0.,0.,1.));
#4180=DIRECTION('',(1.,0.,0.));
#4181=DIRECTION('',(0.,1.,0.));
#4182=DIRECTION('',(0.,0.,1.));
#4183=DIRECTION('',(0.,-1.,0.));
#4184=DIRECTION('',(0.,0.,-1.));
#4185=DIRECTION('',(0.,-1.,0.));
#4186=DIRECTION('',(0.,0.,-1.));
#4187=DIRECTION('',(0.,1.,0.));
#4188=DIRECTION('',(0.,0.,1.));
#4189=DIRECTION('',(0.,-1.,0.));
#4190=DIRECTION('',(0.,0.,-1.));
#4191=DIRECTION('',(0.,-1.,0.));
#4192=DIRECTION('',(0.,0.,-1.));
#4193=DIRECTION('',(0.,-1.,0.));
#4194=DIRECTION('',(1.,0.,0.));
#4195=DIRECTION('',(0.,-1.,0.));
#4196=DIRECTION('',(1.,0.,0.));
#4197=DIRECTION('',(0.,0.,1.));
#4198=DIRECTION('',(1.,0.,0.));
#4199=DIRECTION('',(0.,0.,-1.));
#4200=DIRECTION('',(1.,0.,0.));
#4201=DIRECTION('',(1.,0.,0.));
#4202=DIRECTION('',(0.,1.,0.));
#4203=DIRECTION('',(1.,0.,0.));
#4204=DIRECTION('',(0.,1.,0.));
#4205=DIRECTION('',(0.,1.,0.));
#4206=DIRECTION('',(0.,0.,1.));
#4207=DIRECTION('',(0.,1.,0.));
#4208=DIRECTION('',(0.,0.,-1.));
#4209=DIRECTION('',(0.,1.,0.));
#4210=DIRECTION('',(0.,0.,-1.));
#4211=DIRECTION('',(0.,1.,0.));
#4212=DIRECTION('',(0.,1.,0.));
#4213=DIRECTION('',(0.,0.,1.));
#4214=DIRECTION('',(0.,1.,0.));
#4215=DIRECTION('',(0.,0.,-1.));
#4216=DIRECTION('',(0.,1.,0.));
#4217=DIRECTION('',(0.,0.,-1.));
#4218=DIRECTION('',(0.,1.,0.));
#4219=DIRECTION('',(0.,1.,0.));
#4220=DIRECTION('',(0.,0.,1.));
#4221=DIRECTION('',(0.,1.,0.));
#4222=DIRECTION('',(0.,0.,-1.));
#4223=DIRECTION('',(0.,1.,0.));
#4224=DIRECTION('',(0.,0.,-1.));
#4225=DIRECTION('',(0.,1.,0.));
#4226=DIRECTION('',(0.,1.,0.));
#4227=DIRECTION('',(0.,0.,1.));
#4228=DIRECTION('',(0.,1.,0.));
#4229=DIRECTION('',(0.,0.,-1.));
#4230=DIRECTION('',(0.,1.,0.));
#4231=DIRECTION('',(0.,0.,-1.));
#4232=DIRECTION('',(0.,1.,0.));
#4233=DIRECTION('',(0.,0.,-1.));
#4234=DIRECTION('',(1.,0.,0.));
#4235=DIRECTION('',(1.,0.,0.));
#4236=DIRECTION('',(1.,0.,0.));
#4237=DIRECTION('',(0.,1.,0.));
#4238=DIRECTION('',(0.,1.,0.));
#4239=DIRECTION('',(0.,0.,1.));
#4240=DIRECTION('',(0.,1.,0.));
#4241=DIRECTION('',(0.,0.,-1.));
#4242=DIRECTION('',(0.,1.,0.));
#4243=DIRECTION('',(0.,0.,-1.));
#4244=DIRECTION('',(0.,1.,0.));
#4245=DIRECTION('',(1.,0.,0.));
#4246=DIRECTION('',(0.,0.,1.));
#4247=DIRECTION('',(0.,0.,1.));
#4248=DIRECTION('',(0.,0.,1.));
#4249=DIRECTION('',(0.,1.,0.));
#4250=DIRECTION('',(0.,1.,0.));
#4251=DIRECTION('',(0.,0.,1.));
#4252=DIRECTION('',(0.,1.,0.));
#4253=DIRECTION('',(0.,0.,-1.));
#4254=DIRECTION('',(0.,1.,0.));
#4255=DIRECTION('',(0.,0.,-1.));
#4256=DIRECTION('',(0.,-1.,0.));
#4257=DIRECTION('',(-1.,0.,0.));
#4258=DIRECTION('',(0.,-1.,0.));
#4259=DIRECTION('',(0.,0.,-1.));
#4260=DIRECTION('',(0.,1.,0.));
#4261=DIRECTION('',(0.,0.,-1.));
#4262=DIRECTION('',(0.,-1.,0.));
#4263=DIRECTION('',(-1.,0.,0.));
#4264=DIRECTION('',(0.,-1.,0.));
#4265=DIRECTION('',(0.,0.,-1.));
#4266=DIRECTION('',(0.,-1.,0.));
#4267=DIRECTION('',(0.,0.,1.));
#4268=DIRECTION('',(0.,1.,0.));
#4269=DIRECTION('',(0.,0.,1.));
#4270=DIRECTION('',(0.,-1.,0.));
#4271=DIRECTION('',(0.,0.,-1.));
#4272=DIRECTION('',(0.,0.,1.));
#4273=DIRECTION('',(1.,0.,0.));
#4274=DIRECTION('',(0.,-1.,0.));
#4275=DIRECTION('',(0.,0.,-1.));
#4276=DIRECTION('',(0.,-1.,0.));
#4277=DIRECTION('',(0.,0.,-1.));
#4278=DIRECTION('',(0.,-1.,0.));
#4279=DIRECTION('',(0.,0.,-1.));
#4280=DIRECTION('',(0.,-1.,0.));
#4281=DIRECTION('',(1.,0.,0.));
#4282=DIRECTION('',(0.,-1.,0.));
#4283=DIRECTION('',(1.,0.,0.));
#4284=DIRECTION('',(0.,0.,1.));
#4285=DIRECTION('',(1.,0.,0.));
#4286=DIRECTION('',(0.,0.,-1.));
#4287=DIRECTION('',(1.,0.,0.));
#4288=DIRECTION('',(-2.15940681656864E-16,-1.,0.));
#4289=DIRECTION('',(-1.,0.,0.));
#4290=DIRECTION('',(-2.15940681656864E-16,-1.,0.));
#4291=DIRECTION('',(-1.,0.,0.));
#4292=DIRECTION('',(-7.19802272189547E-17,1.,0.));
#4293=DIRECTION('',(-1.,0.,0.));
#4294=DIRECTION('',(-2.15940681656864E-16,1.,0.));
#4295=DIRECTION('',(-1.,0.,0.));
#4296=DIRECTION('',(0.,-1.,0.));
#4297=DIRECTION('',(0.,0.,1.));
#4298=DIRECTION('',(0.,0.,1.));
#4299=DIRECTION('',(-1.,0.,0.));
#4300=DIRECTION('',(0.,0.,1.));
#4301=DIRECTION('',(-1.,-2.15940681656864E-16,0.));
#4302=DIRECTION('',(-2.15940681656864E-16,1.,0.));
#4303=DIRECTION('',(-2.15940681656864E-16,1.,0.));
#4304=DIRECTION('',(0.,0.,1.));
#4305=DIRECTION('',(0.,-1.,0.));
#4306=DIRECTION('',(0.,0.,1.));
#4307=DIRECTION('',(-1.,0.,0.));
#4308=DIRECTION('',(0.,0.,1.));
#4309=DIRECTION('',(0.,0.,-1.));
#4310=DIRECTION('',(1.,0.,0.));
#4311=DIRECTION('',(0.,0.,-1.));
#4312=DIRECTION('',(-1.,-7.19802272189547E-17,0.));
#4313=DIRECTION('',(-7.19802272189547E-17,1.,0.));
#4314=DIRECTION('',(-7.19802272189547E-17,1.,0.));
#4315=DIRECTION('',(0.,0.,-1.));
#4316=DIRECTION('',(1.,0.,0.));
#4317=DIRECTION('',(1.,-2.15940681656864E-16,0.));
#4318=DIRECTION('',(-2.15940681656864E-16,-1.,0.));
#4319=DIRECTION('',(-2.15940681656864E-16,-1.,0.));
#4320=DIRECTION('',(0.,0.,1.));
#4321=DIRECTION('',(1.,-2.15940681656864E-16,0.));
#4322=DIRECTION('',(-2.15940681656864E-16,-1.,0.));
#4323=DIRECTION('',(0.,0.,1.));
#4324=DIRECTION('',(-2.15940681656864E-16,-1.,0.));
#4325=DIRECTION('',(0.,0.,1.));
#4326=DIRECTION('',(1.,0.,0.));
#4327=DIRECTION('',(-1.,0.,0.));
#4328=DIRECTION('',(0.,-1.,0.));
#4329=DIRECTION('',(0.,0.,1.));
#4330=CARTESIAN_POINT('',(0.,0.,0.));
#4331=CARTESIAN_POINT('',(0.00572628409352297,-0.0042,-0.0255147685987391));
#4332=CARTESIAN_POINT('',(0.00572628409352297,0.0032,-0.0255147685987391));
#4333=CARTESIAN_POINT('',(0.00722628409352297,0.0032,-0.0255147685987391));
#4334=CARTESIAN_POINT('',(0.00422628409352296,0.0032,-0.0255147685987391));
#4335=CARTESIAN_POINT('',(0.00722628409352297,-0.0042,-0.0255147685987391));
#4336=CARTESIAN_POINT('',(0.00722628409352297,-0.0042,-0.0255147685987391));
#4337=CARTESIAN_POINT('',(0.00572628409352297,-0.0042,-0.0255147685987391));
#4338=CARTESIAN_POINT('',(0.00422628409352296,-0.0042,-0.0255147685987391));
#4339=CARTESIAN_POINT('',(0.00422628409352296,-0.0042,-0.0255147685987391));
#4340=CARTESIAN_POINT('',(0.000300000000000152,-0.0042,-0.00100236558104709));
#4341=CARTESIAN_POINT('',(0.000300000000000152,0.0032,-0.00100236558104709));
#4342=CARTESIAN_POINT('',(0.024073941187809,0.0032,0.00814263488065549));
#4343=CARTESIAN_POINT('',(0.024073941187809,-0.0042,0.00814263488065549));
#4344=CARTESIAN_POINT('',(0.024073941187809,-0.0042,0.00814263488065549));
#4345=CARTESIAN_POINT('',(0.000300000000000152,-0.0042,-0.00100236558104709));
#4346=CARTESIAN_POINT('',(0.020807906310978,-0.0042,0.00642779884314825));
#4347=CARTESIAN_POINT('',(0.020807906310978,0.0032,0.00642779884314825));
#4348=CARTESIAN_POINT('',(0.0198778068946422,0.0032,0.00999747131102846));
#4349=CARTESIAN_POINT('',(0.0198778068946422,-0.0042,0.00999747131102846));
#4350=CARTESIAN_POINT('',(0.0198778068946422,-0.0042,0.00999747131102846));
#4351=CARTESIAN_POINT('',(0.020807906310978,-0.0042,0.00642779884314825));
#4352=CARTESIAN_POINT('',(0.0208741515766969,-0.0042,0.00722658229208622));
#4353=CARTESIAN_POINT('',(0.0208741515766969,0.0032,0.00722658229208622));
#4354=CARTESIAN_POINT('',(0.0180756919404454,0.0032,0.00814263488065552));
#4355=CARTESIAN_POINT('',(0.0180756919404454,-0.0042,0.00814263488065552));
#4356=CARTESIAN_POINT('',(0.0180756919404454,-0.0042,0.00814263488065552));
#4357=CARTESIAN_POINT('',(0.0208741515766969,-0.0042,0.00722658229208622));
#4358=CARTESIAN_POINT('',(-0.000770881245952863,-0.0042,0.00246927194762427));
#4359=CARTESIAN_POINT('',(-0.000770881245952863,0.0032,0.00246927194762427));
#4360=CARTESIAN_POINT('',(0.00722628409352297,0.0032,-0.0155147685987391));
#4361=CARTESIAN_POINT('',(0.00722628409352297,-0.0042,-0.0155147685987391));
#4362=CARTESIAN_POINT('',(0.00722628409352297,-0.0042,-0.0155147685987391));
#4363=CARTESIAN_POINT('',(-0.000770881245952863,-0.0042,0.00246927194762427));
#4364=CARTESIAN_POINT('',(0.00572628409352296,-0.0042,-0.0155147685987391));
#4365=CARTESIAN_POINT('',(0.00572628409352296,0.0032,-0.0155147685987391));
#4366=CARTESIAN_POINT('',(0.00422628409352296,0.0032,-0.0155147685987391));
#4367=CARTESIAN_POINT('',(0.00422628409352296,-0.0042,-0.0155147685987391));
#4368=CARTESIAN_POINT('',(0.00422628409352296,-0.0042,-0.0155147685987391));
#4369=CARTESIAN_POINT('',(0.00572628409352296,-0.0042,-0.0155147685987391));
#4370=CARTESIAN_POINT('',(0.00422628409352296,-0.0042,-0.0196469165806561));
#4371=CARTESIAN_POINT('',(0.00422628409352296,0.0032,-0.0196469165806561));
#4372=CARTESIAN_POINT('',(0.0003,0.0032,-0.0183589180707932));
#4373=CARTESIAN_POINT('',(0.0003,-0.0042,-0.0183589180707932));
#4374=CARTESIAN_POINT('',(0.0003,-0.0042,-0.0183589180707932));
#4375=CARTESIAN_POINT('',(0.00422628409352296,-0.0042,-0.0196469165806561));
#4376=CARTESIAN_POINT('',(0.0003,-0.0042,-0.0209632470980287));
#4377=CARTESIAN_POINT('',(0.0003,0.0032,-0.0209632470980287));
#4378=CARTESIAN_POINT('',(0.0003,0.0032,-0.0235675761252641));
#4379=CARTESIAN_POINT('',(0.0003,-0.0042,-0.0235675761252641));
#4380=CARTESIAN_POINT('',(0.0003,-0.0042,-0.0235675761252641));
#4381=CARTESIAN_POINT('',(0.0003,-0.0042,-0.0209632470980287));
#4382=CARTESIAN_POINT('',(0.00422628409352298,-0.0042,-0.0205827278340344));
#4383=CARTESIAN_POINT('',(0.00422628409352298,0.0032,-0.0205827278340344));
#4384=CARTESIAN_POINT('',(0.00422628409352298,-0.0042,-0.0205827278340344));
#4385=CARTESIAN_POINT('',(0.00483848169408767,-0.0042,-0.00769905770030845));
#4386=CARTESIAN_POINT('',(0.0247524375313618,-0.0042,-0.002));
#4387=CARTESIAN_POINT('',(0.0247524375313618,-0.0042,-0.0026));
#4388=CARTESIAN_POINT('',(0.020807906310978,-0.0042,0.00642779884314825));
#4389=CARTESIAN_POINT('',(0.020807906310978,-0.0042,0.00492779884314825));
#4390=CARTESIAN_POINT('',(0.00483848169408767,0.0032,-0.00769905770030845));
#4391=CARTESIAN_POINT('',(0.0247524375313618,0.0032,-0.002));
#4392=CARTESIAN_POINT('',(0.0247524375313618,0.0032,-0.0026));
#4393=CARTESIAN_POINT('',(0.020807906310978,0.0032,0.00642779884314825));
#4394=CARTESIAN_POINT('',(0.020807906310978,0.0032,0.00792779884314825));
#4395=CARTESIAN_POINT('',(0.020807906310978,-0.0043,0.00642779884314825));
#4396=CARTESIAN_POINT('',(0.0247524375313618,0.0058,-0.002));
#4397=CARTESIAN_POINT('',(0.,0.,0.));
#4398=CARTESIAN_POINT('',(0.0263,0.0013,0.0065));
#4399=CARTESIAN_POINT('',(0.0263,0.0013,0.013));
#4400=CARTESIAN_POINT('',(0.0263,0.0048,0.013));
#4401=CARTESIAN_POINT('',(0.0263,0.0033,0.013));
#4402=CARTESIAN_POINT('',(0.0263,0.0033,0.0065));
#4403=CARTESIAN_POINT('',(0.0263,0.0033,0.));
#4404=CARTESIAN_POINT('',(0.0263,0.0013,0.));
#4405=CARTESIAN_POINT('',(0.0263,0.0048,0.));
#4406=CARTESIAN_POINT('',(0.0263,0.0048,0.0065));
#4407=CARTESIAN_POINT('',(0.0153,0.0013,0.0065));
#4408=CARTESIAN_POINT('',(0.0153,0.0033,0.0065));
#4409=CARTESIAN_POINT('',(0.0153,0.0033,0.013));
#4410=CARTESIAN_POINT('',(0.0153,0.0033,0.));
#4411=CARTESIAN_POINT('',(0.0153,0.0013,0.013));
#4412=CARTESIAN_POINT('',(0.0153,0.0048,0.013));
#4413=CARTESIAN_POINT('',(0.0153,0.0048,0.0065));
#4414=CARTESIAN_POINT('',(0.0153,0.0048,0.));
#4415=CARTESIAN_POINT('',(0.0153,0.0013,0.));
#4416=CARTESIAN_POINT('',(0.0208,-0.0032,0.0065));
#4417=CARTESIAN_POINT('',(0.0208,0.0048,0.0065));
#4418=CARTESIAN_POINT('',(0.0208,0.0048,0.008));
#4419=CARTESIAN_POINT('',(0.0208,0.0033,0.0065));
#4420=CARTESIAN_POINT('',(0.0208,0.0033,0.005));
#4421=CARTESIAN_POINT('',(0.0263,0.0013,0.));
#4422=CARTESIAN_POINT('',(0.0153,0.0033,0.));
#4423=CARTESIAN_POINT('',(0.0263,0.0048,0.));
#4424=CARTESIAN_POINT('',(0.0263,0.0048,0.0065));
#4425=CARTESIAN_POINT('',(0.0263,0.0048,0.013));
#4426=CARTESIAN_POINT('',(0.0263,0.0013,0.013));
#4427=CARTESIAN_POINT('',(0.0153,0.0033,0.013));
#4428=CARTESIAN_POINT('',(0.0153,0.0033,0.0065));
#4429=CARTESIAN_POINT('',(0.,0.,0.));
#4430=CARTESIAN_POINT('',(-0.0254801348329844,4.33680868994202E-19,0.086));
#4431=CARTESIAN_POINT('',(-0.0254801348329844,4.33680868994202E-19,0.09));
#4432=CARTESIAN_POINT('',(-0.0254801348329844,0.0025,0.09));
#4433=CARTESIAN_POINT('',(-0.0254801348329844,-0.0025,0.09));
#4434=CARTESIAN_POINT('',(-0.0254801348329844,-0.0025,0.086));
#4435=CARTESIAN_POINT('',(-0.0254801348329844,-0.0025,0.086));
#4436=CARTESIAN_POINT('',(-0.0254801348329844,4.33680868994202E-19,0.086));
#4437=CARTESIAN_POINT('',(-0.0254801348329844,0.0025,0.086));
#4438=CARTESIAN_POINT('',(-0.0254801348329844,0.0025,0.086));
#4439=CARTESIAN_POINT('',(-0.0254801348329844,-0.0015,0.086));
#4440=CARTESIAN_POINT('',(-0.0254801348329844,-0.0015,0.089));
#4441=CARTESIAN_POINT('',(-0.0254801348329844,-0.0015,0.087));
#4442=CARTESIAN_POINT('',(-0.0254801348329844,4.33680868994202E-19,0.089));
#4443=CARTESIAN_POINT('',(-0.0254801348329844,0.0015,0.089));
#4444=CARTESIAN_POINT('',(-0.0254801348329844,0.0015,0.086));
#4445=CARTESIAN_POINT('',(-0.0254801348329844,0.0015,0.087));
#4446=CARTESIAN_POINT('',(-0.0254801348329844,4.33680868994202E-19,0.087));
#4447=CARTESIAN_POINT('',(-0.0364801348329844,-8.67361737988404E-19,0.086));
#4448=CARTESIAN_POINT('',(-0.0364801348329844,-8.67361737988404E-19,0.09));
#4449=CARTESIAN_POINT('',(-0.0364801348329844,0.0025,0.09));
#4450=CARTESIAN_POINT('',(-0.0364801348329844,-0.0025,0.09));
#4451=CARTESIAN_POINT('',(-0.0364801348329844,0.0025,0.086));
#4452=CARTESIAN_POINT('',(-0.0364801348329844,0.0025,0.086));
#4453=CARTESIAN_POINT('',(-0.0364801348329844,-8.67361737988404E-19,0.086));
#4454=CARTESIAN_POINT('',(-0.0364801348329844,-0.0025,0.086));
#4455=CARTESIAN_POINT('',(-0.0364801348329844,-0.0025,0.086));
#4456=CARTESIAN_POINT('',(-0.0364801348329844,1.51788304147971E-18,0.089));
#4457=CARTESIAN_POINT('',(-0.0364801348329844,-0.0015,0.089));
#4458=CARTESIAN_POINT('',(-0.0364801348329844,0.0015,0.089));
#4459=CARTESIAN_POINT('',(-0.0364801348329844,-0.0015,0.088));
#4460=CARTESIAN_POINT('',(-0.0364801348329844,-0.0015,0.087));
#4461=CARTESIAN_POINT('',(-0.0364801348329844,8.67361737988404E-19,0.087));
#4462=CARTESIAN_POINT('',(-0.0364801348329844,0.0015,0.087));
#4463=CARTESIAN_POINT('',(-0.0364801348329844,0.0015,0.088));
#4464=CARTESIAN_POINT('',(-2.16840434497101E-18,-0.0256365388333798,0.086));
#4465=CARTESIAN_POINT('',(-2.16840434497101E-18,-0.0256365388333798,0.09));
#4466=CARTESIAN_POINT('',(0.0025,-0.0256365388333798,0.09));
#4467=CARTESIAN_POINT('',(-0.0025,-0.0256365388333798,0.09));
#4468=CARTESIAN_POINT('',(0.0025,-0.0256365388333798,0.086));
#4469=CARTESIAN_POINT('',(0.0025,-0.0256365388333798,0.086));
#4470=CARTESIAN_POINT('',(-2.16840434497101E-18,-0.0256365388333798,0.086));
#4471=CARTESIAN_POINT('',(-0.0025,-0.0256365388333798,0.086));
#4472=CARTESIAN_POINT('',(-0.0025,-0.0256365388333798,0.086));
#4473=CARTESIAN_POINT('',(-0.0015,-0.0256365388333798,0.086));
#4474=CARTESIAN_POINT('',(-0.0015,-0.0256365388333798,0.088924209649964));
#4475=CARTESIAN_POINT('',(-0.0015,-0.0256365388333798,0.086924209649964));
#4476=CARTESIAN_POINT('',(-2.16840434497101E-18,-0.0256365388333798,0.086924209649964));
#4477=CARTESIAN_POINT('',(0.00149999999999998,-0.0256365388333798,0.086924209649964));
#4478=CARTESIAN_POINT('',(0.00149999999999999,-0.0256365388333798,0.086));
#4479=CARTESIAN_POINT('',(0.00149999999999998,-0.0256365388333798,0.088924209649964));
#4480=CARTESIAN_POINT('',(-2.16840434497101E-18,-0.0256365388333798,0.088924209649964));
#4481=CARTESIAN_POINT('',(-3.90312782094781E-18,-0.0366365388333798,0.086));
#4482=CARTESIAN_POINT('',(-3.90312782094781E-18,-0.0366365388333798,0.09));
#4483=CARTESIAN_POINT('',(0.0025,-0.0366365388333798,0.09));
#4484=CARTESIAN_POINT('',(-0.0025,-0.0366365388333798,0.09));
#4485=CARTESIAN_POINT('',(-0.0025,-0.0366365388333798,0.086));
#4486=CARTESIAN_POINT('',(-0.0025,-0.0366365388333798,0.086));
#4487=CARTESIAN_POINT('',(-3.90312782094781E-18,-0.0366365388333798,0.086));
#4488=CARTESIAN_POINT('',(0.0025,-0.0366365388333798,0.086));
#4489=CARTESIAN_POINT('',(0.0025,-0.0366365388333798,0.086));
#4490=CARTESIAN_POINT('',(-1.49619899803E-17,-0.0366365388333798,0.086924209649964));
#4491=CARTESIAN_POINT('',(0.00149999999999998,-0.0366365388333798,0.086924209649964));
#4492=CARTESIAN_POINT('',(-0.0015,-0.0366365388333798,0.086924209649964));
#4493=CARTESIAN_POINT('',(-0.0015,-0.0366365388333798,0.087924209649964));
#4494=CARTESIAN_POINT('',(-0.0015,-0.0366365388333798,0.088924209649964));
#4495=CARTESIAN_POINT('',(-1.5178830414797E-17,-0.0366365388333798,0.088924209649964));
#4496=CARTESIAN_POINT('',(0.00149999999999998,-0.0366365388333798,0.088924209649964));
#4497=CARTESIAN_POINT('',(0.00149999999999998,-0.0366365388333798,0.087924209649964));
#4498=CARTESIAN_POINT('',(0.,0.,0.1));
#4499=CARTESIAN_POINT('',(0.,1.22464679914735E-18,0.1));
#4500=CARTESIAN_POINT('',(0.02,1.22464679914735E-18,0.1));
#4501=CARTESIAN_POINT('',(0.,3.36777869765522E-18,0.1));
#4502=CARTESIAN_POINT('',(0.055,3.36777869765522E-18,0.1));
#4503=CARTESIAN_POINT('',(-0.0120710058582946,0.0450682529061686,0.1));
#4504=CARTESIAN_POINT('',(-0.00697100585829464,0.0450682529061686,0.1));
#4505=CARTESIAN_POINT('',(-0.0171710058582947,0.0450682529061686,0.1));
#4506=CARTESIAN_POINT('',(-0.00697100585829464,0.0325682529061685,0.1));
#4507=CARTESIAN_POINT('',(-0.00697100585829464,0.0200682529061685,0.1));
#4508=CARTESIAN_POINT('',(-0.0120710058582946,0.0200682529061685,0.1));
#4509=CARTESIAN_POINT('',(-0.0171710058582947,0.0200682529061685,0.1));
#4510=CARTESIAN_POINT('',(-0.0171710058582947,0.0325682529061685,0.1));
#4511=CARTESIAN_POINT('',(0.0500365421175957,0.0127848241808834,0.1));
#4512=CARTESIAN_POINT('',(0.0500365421175957,0.00795810990836672,0.1));
#4513=CARTESIAN_POINT('',(0.0500365421175957,0.0176115384534002,0.1));
#4514=CARTESIAN_POINT('',(0.0340832211077213,0.00795810990836672,0.1));
#4515=CARTESIAN_POINT('',(0.0214442312717438,0.00795810990836672,0.1));
#4516=CARTESIAN_POINT('',(0.0214442312717438,0.0127848241808834,0.1));
#4517=CARTESIAN_POINT('',(0.0214442312717438,0.0176115384534002,0.1));
#4518=CARTESIAN_POINT('',(0.0357403866946698,0.0176115384534002,0.1));
#4519=CARTESIAN_POINT('',(0.,0.,0.09));
#4520=CARTESIAN_POINT('',(-0.0309801348329844,0.0025,0.09));
#4521=CARTESIAN_POINT('',(-0.0309801348329844,-0.0025,0.09));
#4522=CARTESIAN_POINT('',(0.0025,-0.0311365388333797,0.09));
#4523=CARTESIAN_POINT('',(-0.0025,-0.0311365388333797,0.09));
#4524=CARTESIAN_POINT('',(-0.00697100585829464,0.0325682529061685,0.09));
#4525=CARTESIAN_POINT('',(-0.00697100585829464,0.0450682529061686,0.09));
#4526=CARTESIAN_POINT('',(-0.00697100585829464,0.0200682529061685,0.09));
#4527=CARTESIAN_POINT('',(-0.0120710058582946,0.0450682529061686,0.09));
#4528=CARTESIAN_POINT('',(-0.0171710058582947,0.0450682529061686,0.09));
#4529=CARTESIAN_POINT('',(-0.0171710058582947,0.0325682529061685,0.09));
#4530=CARTESIAN_POINT('',(-0.0171710058582947,0.0200682529061685,0.09));
#4531=CARTESIAN_POINT('',(-0.0120710058582946,0.0200682529061685,0.09));
#4532=CARTESIAN_POINT('',(0.,1.22464679914735E-18,0.09));
#4533=CARTESIAN_POINT('',(0.02,1.22464679914735E-18,0.09));
#4534=CARTESIAN_POINT('',(0.,3.36777869765522E-18,0.09));
#4535=CARTESIAN_POINT('',(0.055,3.36777869765522E-18,0.09));
#4536=CARTESIAN_POINT('',(0.0340832211077213,0.00795810990836672,0.09));
#4537=CARTESIAN_POINT('',(0.0500365421175957,0.00795810990836672,0.09));
#4538=CARTESIAN_POINT('',(0.0214442312717438,0.00795810990836672,0.09));
#4539=CARTESIAN_POINT('',(0.0500365421175957,0.0127848241808834,0.09));
#4540=CARTESIAN_POINT('',(0.0500365421175957,0.0176115384534002,0.09));
#4541=CARTESIAN_POINT('',(0.0357403866946698,0.0176115384534002,0.09));
#4542=CARTESIAN_POINT('',(0.0214442312717438,0.0176115384534002,0.09));
#4543=CARTESIAN_POINT('',(0.0214442312717438,0.0127848241808834,0.09));
#4544=CARTESIAN_POINT('',(0.,1.22464679914735E-18,0.1));
#4545=CARTESIAN_POINT('',(0.,3.36777869765522E-18,0.1));
#4546=CARTESIAN_POINT('',(-0.00697100585829464,0.0325682529061685,0.09));
#4547=CARTESIAN_POINT('',(-0.00697100585829464,0.0450682529061686,0.09));
#4548=CARTESIAN_POINT('',(-0.00697100585829464,0.0200682529061685,0.09));
#4549=CARTESIAN_POINT('',(-0.0120710058582946,0.0450682529061686,0.09));
#4550=CARTESIAN_POINT('',(-0.0171710058582947,0.0450682529061686,0.09));
#4551=CARTESIAN_POINT('',(-0.0171710058582947,0.0325682529061685,0.09));
#4552=CARTESIAN_POINT('',(-0.0171710058582947,0.0200682529061685,0.09));
#4553=CARTESIAN_POINT('',(-0.0120710058582946,0.0200682529061685,0.09));
#4554=CARTESIAN_POINT('',(0.0340832211077213,0.00795810990836672,0.09));
#4555=CARTESIAN_POINT('',(0.0500365421175957,0.00795810990836672,0.09));
#4556=CARTESIAN_POINT('',(0.0214442312717438,0.00795810990836672,0.09));
#4557=CARTESIAN_POINT('',(0.0500365421175957,0.0127848241808834,0.09));
#4558=CARTESIAN_POINT('',(0.0500365421175957,0.0176115384534002,0.09));
#4559=CARTESIAN_POINT('',(0.0357403866946698,0.0176115384534002,0.09));
#4560=CARTESIAN_POINT('',(0.0214442312717438,0.0176115384534002,0.09));
#4561=CARTESIAN_POINT('',(0.0214442312717438,0.0127848241808834,0.09));
#4562=CARTESIAN_POINT('',(0.0025,-0.0311365388333797,0.086));
#4563=CARTESIAN_POINT('',(0.0025,-0.0311365388333797,0.086));
#4564=CARTESIAN_POINT('',(-0.0025,-0.0311365388333797,0.086));
#4565=CARTESIAN_POINT('',(-0.0025,-0.0311365388333797,0.086));
#4566=CARTESIAN_POINT('',(0.,0.,0.086));
#4567=CARTESIAN_POINT('',(-1.49619899803E-17,-0.0216365388333798,0.086924209649964));
#4568=CARTESIAN_POINT('',(-0.0015,-0.0216365388333798,0.086924209649964));
#4569=CARTESIAN_POINT('',(0.00149999999999998,-0.0216365388333798,0.086924209649964));
#4570=CARTESIAN_POINT('',(0.00149999999999998,-0.0216365388333798,0.087924209649964));
#4571=CARTESIAN_POINT('',(0.00149999999999998,-0.0216365388333798,0.088924209649964));
#4572=CARTESIAN_POINT('',(-1.5178830414797E-17,-0.0216365388333798,0.088924209649964));
#4573=CARTESIAN_POINT('',(-0.0015,-0.0216365388333798,0.088924209649964));
#4574=CARTESIAN_POINT('',(-0.0015,-0.0216365388333798,0.087924209649964));
#4575=CARTESIAN_POINT('',(-0.0309801348329844,0.0025,0.086));
#4576=CARTESIAN_POINT('',(-0.0309801348329844,0.0025,0.086));
#4577=CARTESIAN_POINT('',(-0.0309801348329844,-0.0025,0.086));
#4578=CARTESIAN_POINT('',(-0.0309801348329844,-0.0025,0.086));
#4579=CARTESIAN_POINT('',(0.,0.,0.086));
#4580=CARTESIAN_POINT('',(-0.0214801348329845,-0.0015,0.088));
#4581=CARTESIAN_POINT('',(-0.0214801348329845,-0.0015,0.087));
#4582=CARTESIAN_POINT('',(-0.0214801348329845,-0.0015,0.089));
#4583=CARTESIAN_POINT('',(-0.0214801348329845,1.51788304147971E-18,0.089));
#4584=CARTESIAN_POINT('',(-0.0214801348329845,0.0015,0.089));
#4585=CARTESIAN_POINT('',(-0.0214801348329845,0.0015,0.088));
#4586=CARTESIAN_POINT('',(-0.0214801348329845,0.0015,0.087));
#4587=CARTESIAN_POINT('',(-0.0214801348329845,8.67361737988404E-19,0.087));
#4588=CARTESIAN_POINT('',(0.,0.,0.));
#4589=CARTESIAN_POINT('',(0.02975,1.7347234759768E-18,0.0434));
#4590=CARTESIAN_POINT('',(0.02975,-0.00827181266442274,0.0147570091755938));
#4591=CARTESIAN_POINT('',(0.02975,-0.00827181266442274,0.0134));
#4592=CARTESIAN_POINT('',(0.02975,-0.00827181266442274,0.01615));
#4593=CARTESIAN_POINT('',(0.02975,1.7347234759768E-18,0.0134));
#4594=CARTESIAN_POINT('',(0.02975,0.0155,0.0134));
#4595=CARTESIAN_POINT('',(0.02975,0.0155,0.0434));
#4596=CARTESIAN_POINT('',(0.02975,0.0155,0.0434));
#4597=CARTESIAN_POINT('',(0.02975,1.7347234759768E-18,0.0434));
#4598=CARTESIAN_POINT('',(0.02975,-0.00821971703745907,0.0434));
#4599=CARTESIAN_POINT('',(0.02975,-0.00821971703745907,0.042025));
#4600=CARTESIAN_POINT('',(0.02975,-0.00821971703745907,0.04065));
#4601=CARTESIAN_POINT('',(0.02975,0.00201514148127047,0.04065));
#4602=CARTESIAN_POINT('',(0.02975,0.01225,0.04065));
#4603=CARTESIAN_POINT('',(0.02975,0.01225,0.0284));
#4604=CARTESIAN_POINT('',(0.02975,0.01225,0.01615));
#4605=CARTESIAN_POINT('',(0.02975,0.00198909366778864,0.01615));
#4606=CARTESIAN_POINT('',(0.02975,1.7347234759768E-18,0.0434));
#4607=CARTESIAN_POINT('',(0.02975,-0.01225,0.0199));
#4608=CARTESIAN_POINT('',(0.02975,-0.01225,0.01615));
#4609=CARTESIAN_POINT('',(0.02975,-0.01225,0.02365));
#4610=CARTESIAN_POINT('',(0.02975,-0.01525,0.02365));
#4611=CARTESIAN_POINT('',(0.02975,-0.0155,0.02365));
#4612=CARTESIAN_POINT('',(0.02975,-0.0155,0.0434));
#4613=CARTESIAN_POINT('',(0.02975,-0.0155,0.0134));
#4614=CARTESIAN_POINT('',(0.02975,1.7347234759768E-18,0.0134));
#4615=CARTESIAN_POINT('',(0.02975,-0.0112718126644227,0.0134));
#4616=CARTESIAN_POINT('',(0.02975,-0.0112718126644227,0.0147570091755938));
#4617=CARTESIAN_POINT('',(0.02975,-0.0112718126644227,0.01615));
#4618=CARTESIAN_POINT('',(0.02975,-0.0117609063322114,0.01615));
#4619=CARTESIAN_POINT('',(0.0225,-0.0155,0.0434));
#4620=CARTESIAN_POINT('',(0.01725,-0.0155,0.0434));
#4621=CARTESIAN_POINT('',(0.01725,-0.0155,0.02365));
#4622=CARTESIAN_POINT('',(0.01725,-0.0155,0.04065));
#4623=CARTESIAN_POINT('',(0.0225,-0.0155,0.04065));
#4624=CARTESIAN_POINT('',(0.02975,-0.0155,0.04065));
#4625=CARTESIAN_POINT('',(0.02975,-0.0155,0.0434));
#4626=CARTESIAN_POINT('',(0.02975,-0.0155,0.0434));
#4627=CARTESIAN_POINT('',(0.0225,-0.0155,0.0434));
#4628=CARTESIAN_POINT('',(0.01525,-0.0155,0.0434));
#4629=CARTESIAN_POINT('',(0.01525,-0.0155,0.0434));
#4630=CARTESIAN_POINT('',(0.01525,-0.0155,0.0134));
#4631=CARTESIAN_POINT('',(0.0225,-0.0155,0.0134));
#4632=CARTESIAN_POINT('',(0.0225,-0.0155,0.02365));
#4633=CARTESIAN_POINT('',(-0.000125,0.000424038618803021,0.0434));
#4634=CARTESIAN_POINT('',(0.01725,1.7347234759768E-18,0.0434));
#4635=CARTESIAN_POINT('',(0.01725,-0.00821971703745907,0.0434));
#4636=CARTESIAN_POINT('',(0.01725,-0.0112197170374591,0.0434));
#4637=CARTESIAN_POINT('',(0.01725,-0.00821971703745907,0.0434));
#4638=CARTESIAN_POINT('',(0.0225,0.0155,0.0434));
#4639=CARTESIAN_POINT('',(0.01525,0.0155,0.0434));
#4640=CARTESIAN_POINT('',(0.01525,-1.7347234759768E-18,0.0434));
#4641=CARTESIAN_POINT('',(0.02975,1.7347234759768E-18,0.0434));
#4642=CARTESIAN_POINT('',(0.02975,-0.0112197170374591,0.0434));
#4643=CARTESIAN_POINT('',(0.01725,-0.0112197170374591,0.0434));
#4644=CARTESIAN_POINT('',(0.02975,1.7347234759768E-18,0.0434));
#4645=CARTESIAN_POINT('',(0.02975,-0.0112197170374591,0.042025));
#4646=CARTESIAN_POINT('',(0.02975,-0.0112197170374591,0.04065));
#4647=CARTESIAN_POINT('',(0.02975,-0.0112348585187295,0.04065));
#4648=CARTESIAN_POINT('',(0.0225,0.0155,0.0434));
#4649=CARTESIAN_POINT('',(0.0225,0.0155,0.0134));
#4650=CARTESIAN_POINT('',(0.01525,0.0155,0.0134));
#4651=CARTESIAN_POINT('',(0.01525,0.0155,0.0434));
#4652=CARTESIAN_POINT('',(0.01525,-1.7347234759768E-18,0.0434));
#4653=CARTESIAN_POINT('',(0.01525,-1.7347234759768E-18,0.0134));
#4654=CARTESIAN_POINT('',(-0.000125,0.000424038618803021,0.0134));
#4655=CARTESIAN_POINT('',(0.01725,1.7347234759768E-18,0.0134));
#4656=CARTESIAN_POINT('',(0.01725,-0.00827181266442274,0.0134));
#4657=CARTESIAN_POINT('',(0.01725,-0.0112718126644227,0.0134));
#4658=CARTESIAN_POINT('',(0.01725,-0.0112718126644227,0.0134));
#4659=CARTESIAN_POINT('',(0.01725,-0.00827181266442274,0.0134));
#4660=CARTESIAN_POINT('',(0.01725,-0.0117609063322114,0.01615));
#4661=CARTESIAN_POINT('',(0.01725,-0.0112718126644227,0.01615));
#4662=CARTESIAN_POINT('',(0.01725,-0.0112718126644227,0.01615));
#4663=CARTESIAN_POINT('',(0.01725,-0.0117609063322114,0.01615));
#4664=CARTESIAN_POINT('',(0.01725,-0.01225,0.01615));
#4665=CARTESIAN_POINT('',(0.01725,-0.01225,0.01615));
#4666=CARTESIAN_POINT('',(0.01725,-0.0112718126644227,0.0147570091755938));
#4667=CARTESIAN_POINT('',(0.01725,-0.0112718126644227,0.0147570091755938));
#4668=CARTESIAN_POINT('',(0.01725,-0.00827181266442274,0.0147570091755938));
#4669=CARTESIAN_POINT('',(0.01725,-0.00827181266442274,0.01615));
#4670=CARTESIAN_POINT('',(0.01725,-0.00827181266442274,0.01615));
#4671=CARTESIAN_POINT('',(0.01725,-0.00827181266442274,0.0147570091755938));
#4672=CARTESIAN_POINT('',(0.01725,0.00198909366778864,0.01615));
#4673=CARTESIAN_POINT('',(0.01725,0.01225,0.01615));
#4674=CARTESIAN_POINT('',(0.01725,0.01225,0.01615));
#4675=CARTESIAN_POINT('',(0.01725,0.00198909366778864,0.01615));
#4676=CARTESIAN_POINT('',(0.01725,0.01225,0.0284));
#4677=CARTESIAN_POINT('',(0.01725,0.01225,0.04065));
#4678=CARTESIAN_POINT('',(0.01725,0.01225,0.04065));
#4679=CARTESIAN_POINT('',(0.01725,0.01225,0.0284));
#4680=CARTESIAN_POINT('',(0.01725,0.00201514148127047,0.04065));
#4681=CARTESIAN_POINT('',(0.01725,-0.00821971703745907,0.04065));
#4682=CARTESIAN_POINT('',(0.01725,-0.00821971703745907,0.04065));
#4683=CARTESIAN_POINT('',(0.01725,0.00201514148127047,0.04065));
#4684=CARTESIAN_POINT('',(0.01725,-0.00821971703745907,0.042025));
#4685=CARTESIAN_POINT('',(0.01725,-0.00821971703745907,0.042025));
#4686=CARTESIAN_POINT('',(0.01725,-0.0112197170374591,0.042025));
#4687=CARTESIAN_POINT('',(0.01725,-0.0112197170374591,0.04065));
#4688=CARTESIAN_POINT('',(0.01725,-0.0112197170374591,0.04065));
#4689=CARTESIAN_POINT('',(0.01725,-0.0112197170374591,0.042025));
#4690=CARTESIAN_POINT('',(0.01725,-0.0112348585187295,0.04065));
#4691=CARTESIAN_POINT('',(0.01725,-0.0112348585187295,0.04065));
#4692=CARTESIAN_POINT('',(0.01725,-0.01525,0.02365));
#4693=CARTESIAN_POINT('',(0.01725,-0.01225,0.02365));
#4694=CARTESIAN_POINT('',(0.01725,-0.01225,0.02365));
#4695=CARTESIAN_POINT('',(0.01725,-0.01525,0.02365));
#4696=CARTESIAN_POINT('',(0.01725,-0.01225,0.0199));
#4697=CARTESIAN_POINT('',(0.01725,-0.01225,0.0199));
#4698=CARTESIAN_POINT('',(0.01725,-0.001375,0.0284));
#4699=CARTESIAN_POINT('',(0.,0.,0.));
#4700=CARTESIAN_POINT('',(0.0171681404242548,-0.001,0.0614555498887959));
#4701=CARTESIAN_POINT('',(0.0171681404242548,-0.001,0.0614555498887959));
#4702=CARTESIAN_POINT('',(0.0171681404242548,-0.001,0.0599555498887959));
#4703=CARTESIAN_POINT('',(0.0171681404242548,0.001,0.0614555498887959));
#4704=CARTESIAN_POINT('',(0.0171681404242548,0.001,0.0599555498887959));
#4705=CARTESIAN_POINT('',(0.0171681404242548,-0.001,0.0614555498887959));
#4706=CARTESIAN_POINT('',(0.0171681404242548,-0.001,0.0614555498887959));
#4707=CARTESIAN_POINT('',(0.0171681404242548,-0.001,0.0594555498887959));
#4708=CARTESIAN_POINT('',(0.0171681404242548,0.001,0.0614555498887959));
#4709=CARTESIAN_POINT('',(0.0171681404242548,0.001,0.0594555498887959));
#4710=CARTESIAN_POINT('',(0.0171681404242548,-0.001,0.0614555498887959));
#4711=CARTESIAN_POINT('',(0.0171681404242548,0.001,0.0614555498887959));
#4712=CARTESIAN_POINT('',(0.,0.,0.));
#4713=CARTESIAN_POINT('',(-0.0263,0.0016,0.0065));
#4714=CARTESIAN_POINT('',(-0.0263,0.0036,0.0065));
#4715=CARTESIAN_POINT('',(-0.0263,0.0036,0.013));
#4716=CARTESIAN_POINT('',(-0.0263,0.0036,0.));
#4717=CARTESIAN_POINT('',(-0.0263,0.0016,0.013));
#4718=CARTESIAN_POINT('',(-0.0263,0.0051,0.013));
#4719=CARTESIAN_POINT('',(-0.0263,0.0051,0.0065));
#4720=CARTESIAN_POINT('',(-0.0263,0.0051,0.));
#4721=CARTESIAN_POINT('',(-0.0263,0.0016,0.));
#4722=CARTESIAN_POINT('',(-0.0153,0.0016,0.0065));
#4723=CARTESIAN_POINT('',(-0.0153,0.0016,0.013));
#4724=CARTESIAN_POINT('',(-0.0153,0.0051,0.013));
#4725=CARTESIAN_POINT('',(-0.0153,0.0036,0.013));
#4726=CARTESIAN_POINT('',(-0.0153,0.0036,0.0065));
#4727=CARTESIAN_POINT('',(-0.0153,0.0036,0.));
#4728=CARTESIAN_POINT('',(-0.0153,0.0016,0.));
#4729=CARTESIAN_POINT('',(-0.0153,0.0051,0.));
#4730=CARTESIAN_POINT('',(-0.0153,0.0051,0.0065));
#4731=CARTESIAN_POINT('',(-0.0263,0.0016,0.013));
#4732=CARTESIAN_POINT('',(-0.0153,0.0036,0.013));
#4733=CARTESIAN_POINT('',(-0.0263,0.0051,0.013));
#4734=CARTESIAN_POINT('',(-0.0263,0.0016,0.));
#4735=CARTESIAN_POINT('',(-0.0153,0.0036,0.));
#4736=CARTESIAN_POINT('',(-0.0263,0.0051,0.));
#4737=CARTESIAN_POINT('',(-0.0263,0.0051,0.0065));
#4738=CARTESIAN_POINT('',(-0.0208,0.0051,0.0065));
#4739=CARTESIAN_POINT('',(-0.0208,0.0051,0.008));
#4740=CARTESIAN_POINT('',(-0.0208,-0.0029,0.0065));
#4741=CARTESIAN_POINT('',(-0.0208,0.0036,0.0065));
#4742=CARTESIAN_POINT('',(-0.0208,0.0036,0.008));
#4743=CARTESIAN_POINT('',(-0.0153,0.0036,0.0065));
#4744=CARTESIAN_POINT('',(0.,0.,0.));
#4745=CARTESIAN_POINT('',(0.0263,-0.0023,0.0065));
#4746=CARTESIAN_POINT('',(0.0263,-0.0043,0.0065));
#4747=CARTESIAN_POINT('',(0.0263,-0.0043,0.013));
#4748=CARTESIAN_POINT('',(0.0263,-0.0043,0.));
#4749=CARTESIAN_POINT('',(0.0263,-0.0023,0.013));
#4750=CARTESIAN_POINT('',(0.0263,-0.0058,0.013));
#4751=CARTESIAN_POINT('',(0.0263,-0.0058,0.0065));
#4752=CARTESIAN_POINT('',(0.0263,-0.0058,0.));
#4753=CARTESIAN_POINT('',(0.0263,-0.0023,0.));
#4754=CARTESIAN_POINT('',(0.0153,-0.0023,0.0065));
#4755=CARTESIAN_POINT('',(0.0153,-0.0023,0.013));
#4756=CARTESIAN_POINT('',(0.0153,-0.0043,0.013));
#4757=CARTESIAN_POINT('',(0.0153,-0.0058,0.013));
#4758=CARTESIAN_POINT('',(0.0153,-0.0043,0.0065));
#4759=CARTESIAN_POINT('',(0.0153,-0.0043,0.));
#4760=CARTESIAN_POINT('',(0.0153,-0.0023,0.));
#4761=CARTESIAN_POINT('',(0.0153,-0.0058,0.));
#4762=CARTESIAN_POINT('',(0.0153,-0.0058,0.0065));
#4763=CARTESIAN_POINT('',(0.0263,-0.0023,0.013));
#4764=CARTESIAN_POINT('',(0.0153,-0.0043,0.013));
#4765=CARTESIAN_POINT('',(0.0263,-0.0058,0.013));
#4766=CARTESIAN_POINT('',(0.0263,-0.0023,0.));
#4767=CARTESIAN_POINT('',(0.0153,-0.0043,0.));
#4768=CARTESIAN_POINT('',(0.0263,-0.0058,0.));
#4769=CARTESIAN_POINT('',(0.0263,-0.0058,0.0065));
#4770=CARTESIAN_POINT('',(0.0208,-0.0058,0.0065));
#4771=CARTESIAN_POINT('',(0.0208,-0.0058,0.005));
#4772=CARTESIAN_POINT('',(0.0208,-0.0068,0.0065));
#4773=CARTESIAN_POINT('',(0.0208,-0.0043,0.0065));
#4774=CARTESIAN_POINT('',(0.0208,-0.0043,0.005));
#4775=CARTESIAN_POINT('',(0.0153,-0.0043,0.0065));
#4776=CARTESIAN_POINT('',(0.,0.,0.));
#4777=CARTESIAN_POINT('',(0.,9.33793184349857E-19,0.12));
#4778=CARTESIAN_POINT('',(0.,9.33793184349857E-19,0.12));
#4779=CARTESIAN_POINT('',(0.01525,9.33793184349857E-19,0.12));
#4780=CARTESIAN_POINT('',(0.,9.33793184349857E-19,0.));
#4781=CARTESIAN_POINT('',(0.01525,9.33793184349857E-19,0.));
#4782=CARTESIAN_POINT('',(0.,0.,0.12));
#4783=CARTESIAN_POINT('',(0.,9.33793184349857E-19,0.12));
#4784=CARTESIAN_POINT('',(0.01445,9.33793184349857E-19,0.12));
#4785=CARTESIAN_POINT('',(0.,0.,0.));
#4786=CARTESIAN_POINT('',(0.,9.33793184349857E-19,0.));
#4787=CARTESIAN_POINT('',(0.01445,9.33793184349857E-19,0.));
#4788=CARTESIAN_POINT('',(0.,9.33793184349857E-19,0.12));
#4789=CARTESIAN_POINT('',(0.,0.,0.));
#4790=CARTESIAN_POINT('',(-0.03,0.000848077237606049,0.0434));
#4791=CARTESIAN_POINT('',(-0.03,0.00513327144077719,0.04065));
#4792=CARTESIAN_POINT('',(-0.03,-0.00279963435605169,0.04065));
#4793=CARTESIAN_POINT('',(-0.03,0.0130661772376061,0.04065));
#4794=CARTESIAN_POINT('',(-0.03,-0.00279963435605169,0.0420439880728722));
#4795=CARTESIAN_POINT('',(-0.03,-0.00279963435605169,0.0434));
#4796=CARTESIAN_POINT('',(-0.03,0.000848077237606049,0.0434));
#4797=CARTESIAN_POINT('',(-0.03,0.0163480772376061,0.0434));
#4798=CARTESIAN_POINT('',(-0.03,0.0163480772376061,0.0434));
#4799=CARTESIAN_POINT('',(-0.03,0.0163480772376061,0.0134));
#4800=CARTESIAN_POINT('',(-0.03,0.000848077237606049,0.0134));
#4801=CARTESIAN_POINT('',(-0.03,-0.00292749959766865,0.0134));
#4802=CARTESIAN_POINT('',(-0.03,-0.00292749959766865,0.0145668739536544));
#4803=CARTESIAN_POINT('',(-0.03,-0.00292749959766865,0.01615));
#4804=CARTESIAN_POINT('',(-0.03,0.0050693388199687,0.01615));
#4805=CARTESIAN_POINT('',(-0.03,0.013066177237606,0.01615));
#4806=CARTESIAN_POINT('',(-0.03,0.013066177237606,0.034525));
#4807=CARTESIAN_POINT('',(-0.03,0.000848077237606049,0.0434));
#4808=CARTESIAN_POINT('',(-0.03,-0.011092620261485,0.0408551418257013));
#4809=CARTESIAN_POINT('',(-0.03,-0.0146519227623939,0.0408551418257013));
#4810=CARTESIAN_POINT('',(-0.03,-0.00671314137426786,0.0408551418257013));
#4811=CARTESIAN_POINT('',(-0.03,-0.0146519227623939,0.0434));
#4812=CARTESIAN_POINT('',(-0.03,-0.0146519227623939,0.0434));
#4813=CARTESIAN_POINT('',(-0.03,0.000848077237606049,0.0434));
#4814=CARTESIAN_POINT('',(-0.03,-0.00592473102733493,0.0434));
#4815=CARTESIAN_POINT('',(-0.03,-0.00592473102733493,0.0420439880728722));
#4816=CARTESIAN_POINT('',(-0.03,-0.00592473102733493,0.04065));
#4817=CARTESIAN_POINT('',(-0.03,-0.0063189362008014,0.04065));
#4818=CARTESIAN_POINT('',(-0.03,-0.00671314137426786,0.04065));
#4819=CARTESIAN_POINT('',(-0.03,-0.00671314137426786,0.0407525709128507));
#4820=CARTESIAN_POINT('',(-0.02275,-0.0146519227623939,0.0434));
#4821=CARTESIAN_POINT('',(-0.02275,-0.0146519227623939,0.0238551418257013));
#4822=CARTESIAN_POINT('',(-0.03,-0.0146519227623939,0.0238551418257013));
#4823=CARTESIAN_POINT('',(-0.0175,-0.0146519227623939,0.0238551418257013));
#4824=CARTESIAN_POINT('',(-0.03,-0.0146519227623939,0.0434));
#4825=CARTESIAN_POINT('',(-0.03,-0.0146519227623939,0.0134));
#4826=CARTESIAN_POINT('',(-0.02275,-0.0146519227623939,0.0134));
#4827=CARTESIAN_POINT('',(-0.0155,-0.0146519227623939,0.0134));
#4828=CARTESIAN_POINT('',(-0.0155,-0.0146519227623939,0.0434));
#4829=CARTESIAN_POINT('',(-0.0155,-0.0146519227623939,0.0434));
#4830=CARTESIAN_POINT('',(-0.02275,-0.0146519227623939,0.0434));
#4831=CARTESIAN_POINT('',(-0.02275,-0.0146519227623939,0.0408551418257013));
#4832=CARTESIAN_POINT('',(-0.0175,-0.0146519227623939,0.0408551418257013));
#4833=CARTESIAN_POINT('',(-0.0175,-0.0146519227623939,0.0434));
#4834=CARTESIAN_POINT('',(-0.000125,0.000424038618803021,0.0134));
#4835=CARTESIAN_POINT('',(-0.000125,-0.00292749959766864,0.0134));
#4836=CARTESIAN_POINT('',(-0.0175,-0.00292749959766864,0.0134));
#4837=CARTESIAN_POINT('',(-0.02275,0.0163480772376061,0.0134));
#4838=CARTESIAN_POINT('',(-0.0155,0.0163480772376061,0.0134));
#4839=CARTESIAN_POINT('',(-0.0155,0.000848077237606047,0.0134));
#4840=CARTESIAN_POINT('',(-0.03,0.000848077237606049,0.0134));
#4841=CARTESIAN_POINT('',(-0.03,-0.00592749959766865,0.0134));
#4842=CARTESIAN_POINT('',(-0.000125,-0.00592749959766864,0.0134));
#4843=CARTESIAN_POINT('',(-0.0175,-0.00592749959766865,0.0134));
#4844=CARTESIAN_POINT('',(-0.0175,0.000424038618803019,0.0134));
#4845=CARTESIAN_POINT('',(-0.03,0.000848077237606049,0.0434));
#4846=CARTESIAN_POINT('',(-0.03,-0.00592749959766865,0.0145668739536544));
#4847=CARTESIAN_POINT('',(-0.03,-0.00592749959766865,0.01615));
#4848=CARTESIAN_POINT('',(-0.03,-0.0112029609555481,0.0238551418257013));
#4849=CARTESIAN_POINT('',(-0.03,-0.00693382276239395,0.0238551418257013));
#4850=CARTESIAN_POINT('',(-0.03,-0.00693382276239395,0.0200025709128507));
#4851=CARTESIAN_POINT('',(-0.03,-0.00693382276239395,0.01615));
#4852=CARTESIAN_POINT('',(-0.03,-0.0064306611800313,0.01615));
#4853=CARTESIAN_POINT('',(-0.0155,0.000848077237606047,0.0434));
#4854=CARTESIAN_POINT('',(-0.0155,0.0163480772376061,0.0434));
#4855=CARTESIAN_POINT('',(-0.0155,0.0163480772376061,0.0434));
#4856=CARTESIAN_POINT('',(-0.0155,0.000848077237606047,0.0434));
#4857=CARTESIAN_POINT('',(-0.02275,0.0163480772376061,0.0434));
#4858=CARTESIAN_POINT('',(-0.02275,0.0163480772376061,0.0434));
#4859=CARTESIAN_POINT('',(-0.000125,0.000424038618803021,0.0434));
#4860=CARTESIAN_POINT('',(-0.000125,-0.00592473102733493,0.0434));
#4861=CARTESIAN_POINT('',(-0.0175,-0.00592473102733493,0.0434));
#4862=CARTESIAN_POINT('',(-0.000125,-0.00279963435605168,0.0434));
#4863=CARTESIAN_POINT('',(-0.0175,-0.00279963435605168,0.0434));
#4864=CARTESIAN_POINT('',(-0.0175,0.000424038618803019,0.0434));
#4865=CARTESIAN_POINT('',(-0.0175,-0.0112029609555481,0.0238551418257013));
#4866=CARTESIAN_POINT('',(-0.0175,-0.0112029609555481,0.0238551418257013));
#4867=CARTESIAN_POINT('',(-0.0175,-0.00693382276239395,0.0238551418257013));
#4868=CARTESIAN_POINT('',(-0.0175,-0.00693382276239395,0.0238551418257013));
#4869=CARTESIAN_POINT('',(-0.0175,-0.011092620261485,0.0408551418257013));
#4870=CARTESIAN_POINT('',(-0.0175,-0.00671314137426786,0.0408551418257013));
#4871=CARTESIAN_POINT('',(-0.0175,-0.00671314137426786,0.0408551418257013));
#4872=CARTESIAN_POINT('',(-0.0175,-0.011092620261485,0.0408551418257013));
#4873=CARTESIAN_POINT('',(-0.0175,-0.00292749959766864,0.0145668739536544));
#4874=CARTESIAN_POINT('',(-0.0175,-0.00292749959766864,0.0145668739536544));
#4875=CARTESIAN_POINT('',(-0.0175,-0.00292749959766864,0.01615));
#4876=CARTESIAN_POINT('',(-0.0175,-0.00292749959766864,0.01615));
#4877=CARTESIAN_POINT('',(-0.0175,-0.00592749959766865,0.0145668739536544));
#4878=CARTESIAN_POINT('',(-0.0175,-0.00592749959766865,0.01615));
#4879=CARTESIAN_POINT('',(-0.0175,-0.00592749959766865,0.01615));
#4880=CARTESIAN_POINT('',(-0.0175,-0.00592749959766865,0.0145668739536544));
#4881=CARTESIAN_POINT('',(-0.0175,0.000437989044451926,0.0282108620265266));
#4882=CARTESIAN_POINT('',(-0.0175,-0.00671314137426786,0.0407525709128507));
#4883=CARTESIAN_POINT('',(-0.0175,-0.00671314137426786,0.04065));
#4884=CARTESIAN_POINT('',(-0.0175,-0.00631893620080139,0.04065));
#4885=CARTESIAN_POINT('',(-0.0175,-0.00592473102733493,0.04065));
#4886=CARTESIAN_POINT('',(-0.0175,-0.00592473102733493,0.0420439880728722));
#4887=CARTESIAN_POINT('',(-0.0175,-0.00279963435605168,0.0420439880728722));
#4888=CARTESIAN_POINT('',(-0.0175,-0.00279963435605168,0.04065));
#4889=CARTESIAN_POINT('',(-0.0175,0.00513327144077719,0.04065));
#4890=CARTESIAN_POINT('',(-0.0175,0.0130661772376061,0.04065));
#4891=CARTESIAN_POINT('',(-0.0175,0.0130661772376061,0.034525));
#4892=CARTESIAN_POINT('',(-0.0175,0.013066177237606,0.01615));
#4893=CARTESIAN_POINT('',(-0.0175,0.0050693388199687,0.01615));
#4894=CARTESIAN_POINT('',(-0.0175,-0.0064306611800313,0.01615));
#4895=CARTESIAN_POINT('',(-0.0175,-0.00693382276239395,0.01615));
#4896=CARTESIAN_POINT('',(-0.0175,-0.00693382276239395,0.0200025709128507));
#4897=CARTESIAN_POINT('',(-0.0175,-0.00693382276239395,0.0200025709128507));
#4898=CARTESIAN_POINT('',(-0.0175,-0.00693382276239395,0.01615));
#4899=CARTESIAN_POINT('',(-0.0175,-0.00671314137426786,0.0407525709128507));
#4900=CARTESIAN_POINT('',(-0.0175,-0.00671314137426786,0.04065));
#4901=CARTESIAN_POINT('',(-0.0175,-0.00631893620080139,0.04065));
#4902=CARTESIAN_POINT('',(-0.0175,-0.00592473102733493,0.04065));
#4903=CARTESIAN_POINT('',(-0.0175,-0.00592473102733493,0.0420439880728722));
#4904=CARTESIAN_POINT('',(-0.0175,-0.00279963435605168,0.0420439880728722));
#4905=CARTESIAN_POINT('',(-0.0175,-0.00279963435605168,0.04065));
#4906=CARTESIAN_POINT('',(-0.0175,0.00513327144077719,0.04065));
#4907=CARTESIAN_POINT('',(-0.0175,0.0130661772376061,0.04065));
#4908=CARTESIAN_POINT('',(-0.0175,0.0130661772376061,0.034525));
#4909=CARTESIAN_POINT('',(-0.0175,0.013066177237606,0.01615));
#4910=CARTESIAN_POINT('',(-0.0175,0.0050693388199687,0.01615));
#4911=CARTESIAN_POINT('',(-0.0175,-0.0064306611800313,0.01615));
#4912=CARTESIAN_POINT('',(0.,0.,0.));
#4913=CARTESIAN_POINT('',(-0.0263,-0.002,0.0065));
#4914=CARTESIAN_POINT('',(-0.0263,-0.002,0.013));
#4915=CARTESIAN_POINT('',(-0.0263,-0.004,0.013));
#4916=CARTESIAN_POINT('',(-0.0263,-0.0055,0.013));
#4917=CARTESIAN_POINT('',(-0.0263,-0.004,0.0065));
#4918=CARTESIAN_POINT('',(-0.0263,-0.004,0.));
#4919=CARTESIAN_POINT('',(-0.0263,-0.002,0.));
#4920=CARTESIAN_POINT('',(-0.0263,-0.0055,0.));
#4921=CARTESIAN_POINT('',(-0.0263,-0.0055,0.0065));
#4922=CARTESIAN_POINT('',(-0.0153,-0.002,0.0065));
#4923=CARTESIAN_POINT('',(-0.0153,-0.004,0.0065));
#4924=CARTESIAN_POINT('',(-0.0153,-0.004,0.013));
#4925=CARTESIAN_POINT('',(-0.0153,-0.004,0.));
#4926=CARTESIAN_POINT('',(-0.0153,-0.002,0.013));
#4927=CARTESIAN_POINT('',(-0.0153,-0.0055,0.013));
#4928=CARTESIAN_POINT('',(-0.0153,-0.0055,0.0065));
#4929=CARTESIAN_POINT('',(-0.0153,-0.0055,0.));
#4930=CARTESIAN_POINT('',(-0.0153,-0.002,0.));
#4931=CARTESIAN_POINT('',(-0.0208,-0.0065,0.0065));
#4932=CARTESIAN_POINT('',(-0.0208,-0.0055,0.0065));
#4933=CARTESIAN_POINT('',(-0.0208,-0.0055,0.005));
#4934=CARTESIAN_POINT('',(-0.0208,-0.004,0.0065));
#4935=CARTESIAN_POINT('',(-0.0208,-0.004,0.008));
#4936=CARTESIAN_POINT('',(-0.0263,-0.002,0.));
#4937=CARTESIAN_POINT('',(-0.0153,-0.004,0.));
#4938=CARTESIAN_POINT('',(-0.0263,-0.0055,0.));
#4939=CARTESIAN_POINT('',(-0.0263,-0.002,0.013));
#4940=CARTESIAN_POINT('',(-0.0153,-0.004,0.013));
#4941=CARTESIAN_POINT('',(-0.0263,-0.0055,0.013));
#4942=CARTESIAN_POINT('',(-0.0263,-0.0055,0.0065));
#4943=CARTESIAN_POINT('',(-0.0153,-0.004,0.0065));
#4944=CARTESIAN_POINT('',(0.,0.,0.));
#4945=CARTESIAN_POINT('',(0.001,0.0169474999392032,0.0607324998736381));
#4946=CARTESIAN_POINT('',(0.001,0.0169474999392032,0.0607324998736381));
#4947=CARTESIAN_POINT('',(0.001,0.0169474999392032,0.0592324998736381));
#4948=CARTESIAN_POINT('',(-0.001,0.0169474999392032,0.0607324998736381));
#4949=CARTESIAN_POINT('',(-0.001,0.0169474999392032,0.0592324998736381));
#4950=CARTESIAN_POINT('',(0.001,0.0169474999392032,0.0607324998736381));
#4951=CARTESIAN_POINT('',(0.001,0.0169474999392032,0.0607324998736381));
#4952=CARTESIAN_POINT('',(0.001,0.0169474999392032,0.0587324998736381));
#4953=CARTESIAN_POINT('',(-0.001,0.0169474999392032,0.0607324998736381));
#4954=CARTESIAN_POINT('',(-0.001,0.0169474999392032,0.0587324998736381));
#4955=CARTESIAN_POINT('',(0.001,0.0169474999392032,0.0607324998736381));
#4956=CARTESIAN_POINT('',(-0.001,0.0169474999392032,0.0607324998736381));
#4957=CARTESIAN_POINT('',(0.,0.,0.));
#4958=CARTESIAN_POINT('',(0.001,-0.0171954611629248,0.0615498153686523));
#4959=CARTESIAN_POINT('',(0.001,-0.0171954611629248,0.0615498153686523));
#4960=CARTESIAN_POINT('',(0.001,-0.0171954611629248,0.0600498153686523));
#4961=CARTESIAN_POINT('',(-0.001,-0.0171954611629248,0.0615498153686523));
#4962=CARTESIAN_POINT('',(-0.001,-0.0171954611629248,0.0600498153686523));
#4963=CARTESIAN_POINT('',(0.001,-0.0171954611629248,0.0615498153686523));
#4964=CARTESIAN_POINT('',(0.001,-0.0171954611629248,0.0615498153686523));
#4965=CARTESIAN_POINT('',(0.001,-0.0171954611629248,0.0595498153686523));
#4966=CARTESIAN_POINT('',(-0.001,-0.0171954611629248,0.0615498153686523));
#4967=CARTESIAN_POINT('',(-0.001,-0.0171954611629248,0.0595498153686523));
#4968=CARTESIAN_POINT('',(0.001,-0.0171954611629248,0.0615498153686523));
#4969=CARTESIAN_POINT('',(-0.001,-0.0171954611629248,0.0615498153686523));
#4970=CARTESIAN_POINT('',(0.,0.,0.));
#4971=CARTESIAN_POINT('',(0.0208,0.0062,0.0065));
#4972=CARTESIAN_POINT('',(0.0208,0.0062,0.0065));
#4973=CARTESIAN_POINT('',(0.0208,0.0062,0.005125));
#4974=CARTESIAN_POINT('',(0.0208,-0.0058,0.0065));
#4975=CARTESIAN_POINT('',(0.0208,-0.0058,0.005125));
#4976=CARTESIAN_POINT('',(0.0208,0.0062,0.0065));
#4977=CARTESIAN_POINT('',(0.0208,-0.0058,0.0065));
#4978=CARTESIAN_POINT('',(0.,0.,0.));
#4979=CARTESIAN_POINT('',(0.,-8.26636589424463E-19,0.004));
#4980=CARTESIAN_POINT('',(0.,-8.26636589424463E-19,0.004));
#4981=CARTESIAN_POINT('',(-0.0135,-8.26636589424463E-19,0.004));
#4982=CARTESIAN_POINT('',(0.,-8.26636589424463E-19,0.005));
#4983=CARTESIAN_POINT('',(-0.0135,-8.26636589424463E-19,0.005));
#4984=CARTESIAN_POINT('',(0.,-8.81745695386094E-19,0.004));
#4985=CARTESIAN_POINT('',(0.,-8.81745695386094E-19,0.004));
#4986=CARTESIAN_POINT('',(-0.0144,-8.81745695386094E-19,0.004));
#4987=CARTESIAN_POINT('',(0.,-8.81745695386094E-19,0.005));
#4988=CARTESIAN_POINT('',(-0.0144,-8.81745695386094E-19,0.005));
#4989=CARTESIAN_POINT('',(0.,0.,0.004));
#4990=CARTESIAN_POINT('',(0.,0.,0.005));
#4991=CARTESIAN_POINT('',(0.,0.,0.));
#4992=CARTESIAN_POINT('',(-0.0183682529061685,0.0331682529061686,0.113));
#4993=CARTESIAN_POINT('',(0.015,0.0210182529061685,0.113));
#4994=CARTESIAN_POINT('',(0.00325,0.0210182529061685,0.113));
#4995=CARTESIAN_POINT('',(0.02705,0.0210182529061685,0.113));
#4996=CARTESIAN_POINT('',(0.00325,0.0329182529061686,0.113));
#4997=CARTESIAN_POINT('',(0.00325,0.0204182529061685,0.113));
#4998=CARTESIAN_POINT('',(0.0153,0.0204182529061685,0.113));
#4999=CARTESIAN_POINT('',(0.02735,0.0204182529061685,0.113));
#5000=CARTESIAN_POINT('',(0.02735,0.0329182529061686,0.113));
#5001=CARTESIAN_POINT('',(0.02735,0.0454182529061686,0.113));
#5002=CARTESIAN_POINT('',(0.0153,0.0454182529061686,0.113));
#5003=CARTESIAN_POINT('',(0.00325,0.0454182529061686,0.113));
#5004=CARTESIAN_POINT('',(0.00325,0.0329182529061686,0.113));
#5005=CARTESIAN_POINT('',(0.00325,0.0450182529061686,0.113));
#5006=CARTESIAN_POINT('',(0.015,0.0450182529061686,0.113));
#5007=CARTESIAN_POINT('',(0.02705,0.0450182529061686,0.113));
#5008=CARTESIAN_POINT('',(0.02705,0.0330182529061686,0.113));
#5009=CARTESIAN_POINT('',(0.02735,0.0329182529061686,0.1));
#5010=CARTESIAN_POINT('',(0.02735,0.0204182529061685,0.1));
#5011=CARTESIAN_POINT('',(0.02735,0.0204182529061685,0.1));
#5012=CARTESIAN_POINT('',(0.02735,0.0329182529061686,0.1));
#5013=CARTESIAN_POINT('',(0.02735,0.0454182529061686,0.1));
#5014=CARTESIAN_POINT('',(0.02735,0.0454182529061686,0.1));
#5015=CARTESIAN_POINT('',(0.0153,0.0204182529061685,0.1));
#5016=CARTESIAN_POINT('',(0.00325,0.0204182529061685,0.1));
#5017=CARTESIAN_POINT('',(0.00325,0.0204182529061685,0.1));
#5018=CARTESIAN_POINT('',(0.0153,0.0204182529061685,0.1));
#5019=CARTESIAN_POINT('',(0.00325,0.0329182529061686,0.1));
#5020=CARTESIAN_POINT('',(0.00325,0.0210182529061685,0.1));
#5021=CARTESIAN_POINT('',(0.00325,0.0210182529061685,0.1005));
#5022=CARTESIAN_POINT('',(0.00325,0.0329182529061686,0.1005));
#5023=CARTESIAN_POINT('',(0.00325,0.0450182529061686,0.1005));
#5024=CARTESIAN_POINT('',(0.00325,0.0450182529061686,0.1));
#5025=CARTESIAN_POINT('',(0.00325,0.0454182529061686,0.1));
#5026=CARTESIAN_POINT('',(0.00325,0.0454182529061686,0.1));
#5027=CARTESIAN_POINT('',(0.00325,0.0329182529061686,0.1));
#5028=CARTESIAN_POINT('',(0.0153,0.0454182529061686,0.1));
#5029=CARTESIAN_POINT('',(0.0153,0.0454182529061686,0.1));
#5030=CARTESIAN_POINT('',(-0.0183682529061685,0.0331682529061686,0.1));
#5031=CARTESIAN_POINT('',(0.015,0.0210182529061685,0.1005));
#5032=CARTESIAN_POINT('',(0.02705,0.0210182529061685,0.1005));
#5033=CARTESIAN_POINT('',(0.02705,0.0210182529061685,0.1005));
#5034=CARTESIAN_POINT('',(0.015,0.0210182529061685,0.1005));
#5035=CARTESIAN_POINT('',(0.015,0.0450182529061686,0.1005));
#5036=CARTESIAN_POINT('',(0.015,0.0450182529061686,0.1005));
#5037=CARTESIAN_POINT('',(0.02705,0.0450182529061686,0.1005));
#5038=CARTESIAN_POINT('',(0.02705,0.0450182529061686,0.1005));
#5039=CARTESIAN_POINT('',(0.01515,0.0329182529061686,0.1005));
#5040=CARTESIAN_POINT('',(0.02705,0.0330182529061686,0.1005));
#5041=CARTESIAN_POINT('',(0.02705,0.0330182529061686,0.1005));
#5042=CARTESIAN_POINT('',(0.,0.,0.));
#5043=CARTESIAN_POINT('',(-0.0171531623542309,-0.001,0.0614303998351097));
#5044=CARTESIAN_POINT('',(-0.0171531623542309,-0.001,0.0614303998351097));
#5045=CARTESIAN_POINT('',(-0.0171531623542309,-0.001,0.0599303998351097));
#5046=CARTESIAN_POINT('',(-0.0171531623542309,0.001,0.0614303998351097));
#5047=CARTESIAN_POINT('',(-0.0171531623542309,0.001,0.0599303998351097));
#5048=CARTESIAN_POINT('',(-0.0171531623542309,-0.001,0.0614303998351097));
#5049=CARTESIAN_POINT('',(-0.0171531623542309,-0.001,0.0614303998351097));
#5050=CARTESIAN_POINT('',(-0.0171531623542309,-0.001,0.0594303998351097));
#5051=CARTESIAN_POINT('',(-0.0171531623542309,0.001,0.0614303998351097));
#5052=CARTESIAN_POINT('',(-0.0171531623542309,0.001,0.0594303998351097));
#5053=CARTESIAN_POINT('',(-0.0171531623542309,-0.001,0.0614303998351097));
#5054=CARTESIAN_POINT('',(-0.0171531623542309,0.001,0.0614303998351097));
#5055=CARTESIAN_POINT('',(0.,0.,0.));
#5056=CARTESIAN_POINT('',(-0.00562628409352297,-0.0042,-0.0255147685987391));
#5057=CARTESIAN_POINT('',(-0.00562628409352297,0.0032,-0.0255147685987391));
#5058=CARTESIAN_POINT('',(-0.00712628409352297,0.0032,-0.0255147685987391));
#5059=CARTESIAN_POINT('',(-0.00412628409352296,0.0032,-0.0255147685987391));
#5060=CARTESIAN_POINT('',(-0.00412628409352296,-0.0042,-0.0255147685987391));
#5061=CARTESIAN_POINT('',(-0.00412628409352296,-0.0042,-0.0255147685987391));
#5062=CARTESIAN_POINT('',(-0.00562628409352297,-0.0042,-0.0255147685987391));
#5063=CARTESIAN_POINT('',(-0.00712628409352297,-0.0042,-0.0255147685987391));
#5064=CARTESIAN_POINT('',(-0.00712628409352297,-0.0042,-0.0255147685987391));
#5065=CARTESIAN_POINT('',(-0.000200000000000153,-0.0042,-0.00100236558104709));
#5066=CARTESIAN_POINT('',(-0.000200000000000153,0.0032,-0.00100236558104709));
#5067=CARTESIAN_POINT('',(-0.023973941187809,0.0032,0.00814263488065549));
#5068=CARTESIAN_POINT('',(-0.000200000000000153,-0.0042,-0.00100236558104709));
#5069=CARTESIAN_POINT('',(-0.023973941187809,-0.0042,0.00814263488065549));
#5070=CARTESIAN_POINT('',(-0.023973941187809,-0.0042,0.00814263488065549));
#5071=CARTESIAN_POINT('',(-0.020707906310978,-0.0042,0.00642779884314825));
#5072=CARTESIAN_POINT('',(-0.020707906310978,0.0032,0.00642779884314825));
#5073=CARTESIAN_POINT('',(-0.0197778068946422,0.0032,0.00999747131102846));
#5074=CARTESIAN_POINT('',(-0.020707906310978,-0.0042,0.00642779884314825));
#5075=CARTESIAN_POINT('',(-0.0197778068946422,-0.0042,0.00999747131102846));
#5076=CARTESIAN_POINT('',(-0.0197778068946422,-0.0042,0.00999747131102846));
#5077=CARTESIAN_POINT('',(-0.0207741515766969,-0.0042,0.00722658229208622));
#5078=CARTESIAN_POINT('',(-0.0207741515766969,0.0032,0.00722658229208622));
#5079=CARTESIAN_POINT('',(-0.0179756919404454,0.0032,0.00814263488065552));
#5080=CARTESIAN_POINT('',(-0.0207741515766969,-0.0042,0.00722658229208622));
#5081=CARTESIAN_POINT('',(-0.0179756919404454,-0.0042,0.00814263488065552));
#5082=CARTESIAN_POINT('',(-0.0179756919404454,-0.0042,0.00814263488065552));
#5083=CARTESIAN_POINT('',(0.000870881245952863,-0.0042,0.00246927194762427));
#5084=CARTESIAN_POINT('',(0.000870881245952863,0.0032,0.00246927194762427));
#5085=CARTESIAN_POINT('',(-0.00712628409352297,0.0032,-0.0155147685987391));
#5086=CARTESIAN_POINT('',(0.000870881245952863,-0.0042,0.00246927194762427));
#5087=CARTESIAN_POINT('',(-0.00712628409352297,-0.0042,-0.0155147685987391));
#5088=CARTESIAN_POINT('',(-0.00712628409352297,-0.0042,-0.0155147685987391));
#5089=CARTESIAN_POINT('',(-0.00562628409352296,-0.0042,-0.0155147685987391));
#5090=CARTESIAN_POINT('',(-0.00562628409352296,0.0032,-0.0155147685987391));
#5091=CARTESIAN_POINT('',(-0.00412628409352296,0.0032,-0.0155147685987391));
#5092=CARTESIAN_POINT('',(-0.00562628409352296,-0.0042,-0.0155147685987391));
#5093=CARTESIAN_POINT('',(-0.00412628409352296,-0.0042,-0.0155147685987391));
#5094=CARTESIAN_POINT('',(-0.00412628409352296,-0.0042,-0.0155147685987391));
#5095=CARTESIAN_POINT('',(-0.00412628409352296,-0.0042,-0.0196469165806561));
#5096=CARTESIAN_POINT('',(-0.00412628409352296,0.0032,-0.0196469165806561));
#5097=CARTESIAN_POINT('',(-0.0002,0.0032,-0.0183589180707932));
#5098=CARTESIAN_POINT('',(-0.00412628409352296,-0.0042,-0.0196469165806561));
#5099=CARTESIAN_POINT('',(-0.0002,-0.0042,-0.0183589180707932));
#5100=CARTESIAN_POINT('',(-0.0002,-0.0042,-0.0183589180707932));
#5101=CARTESIAN_POINT('',(-0.0002,-0.0042,-0.0209632470980287));
#5102=CARTESIAN_POINT('',(-0.0002,0.0032,-0.0209632470980287));
#5103=CARTESIAN_POINT('',(-0.0002,0.0032,-0.0235675761252641));
#5104=CARTESIAN_POINT('',(-0.0002,-0.0042,-0.0209632470980287));
#5105=CARTESIAN_POINT('',(-0.0002,-0.0042,-0.0235675761252641));
#5106=CARTESIAN_POINT('',(-0.0002,-0.0042,-0.0235675761252641));
#5107=CARTESIAN_POINT('',(-0.00412628409352297,-0.0042,-0.0205827278340344));
#5108=CARTESIAN_POINT('',(-0.00412628409352297,0.0032,-0.0205827278340344));
#5109=CARTESIAN_POINT('',(-0.00412628409352297,-0.0042,-0.0205827278340344));
#5110=CARTESIAN_POINT('',(-0.00473848169408767,-0.0042,-0.00769905770030845));
#5111=CARTESIAN_POINT('',(-0.0246524375313618,-0.0042,-0.002));
#5112=CARTESIAN_POINT('',(-0.0246524375313618,-0.0042,-0.0026));
#5113=CARTESIAN_POINT('',(-0.020707906310978,-0.0042,0.00642779884314825));
#5114=CARTESIAN_POINT('',(-0.020707906310978,-0.0042,0.00492779884314825));
#5115=CARTESIAN_POINT('',(-0.00473848169408767,0.0032,-0.00769905770030845));
#5116=CARTESIAN_POINT('',(-0.0246524375313618,0.0032,-0.002));
#5117=CARTESIAN_POINT('',(-0.0246524375313618,0.0032,-0.0026));
#5118=CARTESIAN_POINT('',(-0.020707906310978,0.0032,0.00642779884314825));
#5119=CARTESIAN_POINT('',(-0.020707906310978,0.0032,0.00792779884314825));
#5120=CARTESIAN_POINT('',(-0.020707906310978,-0.0043,0.00642779884314825));
#5121=CARTESIAN_POINT('',(-0.0246524375313618,0.0058,-0.002));
#5122=CARTESIAN_POINT('',(0.,0.,0.));
#5123=CARTESIAN_POINT('',(-0.0208,0.0065,0.0065));
#5124=CARTESIAN_POINT('',(-0.0208,0.0065,0.0065));
#5125=CARTESIAN_POINT('',(-0.0208,0.0065,0.005125));
#5126=CARTESIAN_POINT('',(-0.0208,-0.0055,0.0065));
#5127=CARTESIAN_POINT('',(-0.0208,-0.0055,0.005125));
#5128=CARTESIAN_POINT('',(-0.0208,0.0065,0.0065));
#5129=CARTESIAN_POINT('',(-0.0208,-0.0055,0.0065));
#5130=CARTESIAN_POINT('',(0.,0.,0.));
#5131=CARTESIAN_POINT('',(0.03455,0.0193682529061685,0.1127));
#5132=CARTESIAN_POINT('',(0.0467,-0.014,0.1127));
#5133=CARTESIAN_POINT('',(0.0467,-0.00225,0.1127));
#5134=CARTESIAN_POINT('',(0.0467,-0.02605,0.1127));
#5135=CARTESIAN_POINT('',(0.0347,-0.02605,0.1127));
#5136=CARTESIAN_POINT('',(0.0227,-0.02605,0.1127));
#5137=CARTESIAN_POINT('',(0.0227,-0.014,0.1127));
#5138=CARTESIAN_POINT('',(0.0227,-0.00225,0.1127));
#5139=CARTESIAN_POINT('',(0.0348,-0.00225,0.1127));
#5140=CARTESIAN_POINT('',(0.0223,-0.00225,0.1127));
#5141=CARTESIAN_POINT('',(0.0223,-0.0143,0.1127));
#5142=CARTESIAN_POINT('',(0.0223,-0.02635,0.1127));
#5143=CARTESIAN_POINT('',(0.0348,-0.02635,0.1127));
#5144=CARTESIAN_POINT('',(0.0473,-0.02635,0.1127));
#5145=CARTESIAN_POINT('',(0.0473,-0.0143,0.1127));
#5146=CARTESIAN_POINT('',(0.0473,-0.00225,0.1127));
#5147=CARTESIAN_POINT('',(0.0348,-0.00225,0.1127));
#5148=CARTESIAN_POINT('',(0.0348,-0.02635,0.0997));
#5149=CARTESIAN_POINT('',(0.0223,-0.02635,0.0997));
#5150=CARTESIAN_POINT('',(0.0223,-0.02635,0.0997));
#5151=CARTESIAN_POINT('',(0.0348,-0.02635,0.0997));
#5152=CARTESIAN_POINT('',(0.0473,-0.02635,0.0997));
#5153=CARTESIAN_POINT('',(0.0473,-0.02635,0.0997));
#5154=CARTESIAN_POINT('',(0.0473,-0.0143,0.0997));
#5155=CARTESIAN_POINT('',(0.0473,-0.0143,0.0997));
#5156=CARTESIAN_POINT('',(0.0473,-0.00225,0.0997));
#5157=CARTESIAN_POINT('',(0.0473,-0.00225,0.0997));
#5158=CARTESIAN_POINT('',(0.0348,-0.00225,0.0997));
#5159=CARTESIAN_POINT('',(0.0348,-0.00225,0.0997));
#5160=CARTESIAN_POINT('',(0.0223,-0.00225,0.0997));
#5161=CARTESIAN_POINT('',(0.0223,-0.00225,0.0997));
#5162=CARTESIAN_POINT('',(0.0227,-0.00225,0.0997));
#5163=CARTESIAN_POINT('',(0.0227,-0.00225,0.1002));
#5164=CARTESIAN_POINT('',(0.0348,-0.00225,0.1002));
#5165=CARTESIAN_POINT('',(0.0467,-0.00225,0.1002));
#5166=CARTESIAN_POINT('',(0.0467,-0.00225,0.0997));
#5167=CARTESIAN_POINT('',(0.0223,-0.0143,0.0997));
#5168=CARTESIAN_POINT('',(0.0223,-0.0143,0.0997));
#5169=CARTESIAN_POINT('',(0.03455,0.0193682529061685,0.0997));
#5170=CARTESIAN_POINT('',(0.0467,-0.014,0.1002));
#5171=CARTESIAN_POINT('',(0.0467,-0.014,0.1002));
#5172=CARTESIAN_POINT('',(0.0467,-0.02605,0.1002));
#5173=CARTESIAN_POINT('',(0.0467,-0.02605,0.1002));
#5174=CARTESIAN_POINT('',(0.0227,-0.014,0.1002));
#5175=CARTESIAN_POINT('',(0.0227,-0.02605,0.1002));
#5176=CARTESIAN_POINT('',(0.0227,-0.02605,0.1002));
#5177=CARTESIAN_POINT('',(0.0227,-0.014,0.1002));
#5178=CARTESIAN_POINT('',(0.0348,-0.01415,0.1002));
#5179=CARTESIAN_POINT('',(0.0347,-0.02605,0.1002));
#5180=CARTESIAN_POINT('',(0.0347,-0.02605,0.1002));
#5181=MECHANICAL_DESIGN_GEOMETRIC_PRESENTATION_REPRESENTATION('',(#3019),
#5200);
#5182=MECHANICAL_DESIGN_GEOMETRIC_PRESENTATION_REPRESENTATION('',(#3020),
#5201);
#5183=MECHANICAL_DESIGN_GEOMETRIC_PRESENTATION_REPRESENTATION('',(#3021),
#5202);
#5184=MECHANICAL_DESIGN_GEOMETRIC_PRESENTATION_REPRESENTATION('',(#3022),
#5203);
#5185=MECHANICAL_DESIGN_GEOMETRIC_PRESENTATION_REPRESENTATION('',(#3023),
#5204);
#5186=MECHANICAL_DESIGN_GEOMETRIC_PRESENTATION_REPRESENTATION('',(#3024),
#5205);
#5187=MECHANICAL_DESIGN_GEOMETRIC_PRESENTATION_REPRESENTATION('',(#3025),
#5206);
#5188=MECHANICAL_DESIGN_GEOMETRIC_PRESENTATION_REPRESENTATION('',(#3026),
#5207);
#5189=MECHANICAL_DESIGN_GEOMETRIC_PRESENTATION_REPRESENTATION('',(#3027),
#5208);
#5190=MECHANICAL_DESIGN_GEOMETRIC_PRESENTATION_REPRESENTATION('',(#3028),
#5209);
#5191=MECHANICAL_DESIGN_GEOMETRIC_PRESENTATION_REPRESENTATION('',(#3029),
#5210);
#5192=MECHANICAL_DESIGN_GEOMETRIC_PRESENTATION_REPRESENTATION('',(#3030),
#5211);
#5193=MECHANICAL_DESIGN_GEOMETRIC_PRESENTATION_REPRESENTATION('',(#3031),
#5212);
#5194=MECHANICAL_DESIGN_GEOMETRIC_PRESENTATION_REPRESENTATION('',(#3032),
#5213);
#5195=MECHANICAL_DESIGN_GEOMETRIC_PRESENTATION_REPRESENTATION('',(#3033),
#5214);
#5196=MECHANICAL_DESIGN_GEOMETRIC_PRESENTATION_REPRESENTATION('',(#3034),
#5215);
#5197=MECHANICAL_DESIGN_GEOMETRIC_PRESENTATION_REPRESENTATION('',(#3035),
#5216);
#5198=MECHANICAL_DESIGN_GEOMETRIC_PRESENTATION_REPRESENTATION('',(#3036),
#5217);
#5199=MECHANICAL_DESIGN_GEOMETRIC_PRESENTATION_REPRESENTATION('',(#3037),
#5218);
#5200=(
GEOMETRIC_REPRESENTATION_CONTEXT(3)
GLOBAL_UNCERTAINTY_ASSIGNED_CONTEXT((#5219))
GLOBAL_UNIT_ASSIGNED_CONTEXT((#5276,#5257,#5238))
REPRESENTATION_CONTEXT('Right_Throttle_Arm','TOP_LEVEL_ASSEMBLY_PART')
);
#5201=(
GEOMETRIC_REPRESENTATION_CONTEXT(3)
GLOBAL_UNCERTAINTY_ASSIGNED_CONTEXT((#5220))
GLOBAL_UNIT_ASSIGNED_CONTEXT((#5277,#5258,#5239))
REPRESENTATION_CONTEXT('Mount_For_Left_Arm','TOP_LEVEL_ASSEMBLY_PART')
);
#5202=(
GEOMETRIC_REPRESENTATION_CONTEXT(3)
GLOBAL_UNCERTAINTY_ASSIGNED_CONTEXT((#5221))
GLOBAL_UNIT_ASSIGNED_CONTEXT((#5278,#5259,#5240))
REPRESENTATION_CONTEXT('Rocket_Frame','TOP_LEVEL_ASSEMBLY_PART')
);
#5203=(
GEOMETRIC_REPRESENTATION_CONTEXT(3)
GLOBAL_UNCERTAINTY_ASSIGNED_CONTEXT((#5222))
GLOBAL_UNIT_ASSIGNED_CONTEXT((#5279,#5260,#5241))
REPRESENTATION_CONTEXT('TVC_Servo_Right','TOP_LEVEL_ASSEMBLY_PART')
);
#5204=(
GEOMETRIC_REPRESENTATION_CONTEXT(3)
GLOBAL_UNCERTAINTY_ASSIGNED_CONTEXT((#5223))
GLOBAL_UNIT_ASSIGNED_CONTEXT((#5280,#5261,#5242))
REPRESENTATION_CONTEXT('Pulley_TVC_1','TOP_LEVEL_ASSEMBLY_PART')
);
#5205=(
GEOMETRIC_REPRESENTATION_CONTEXT(3)
GLOBAL_UNCERTAINTY_ASSIGNED_CONTEXT((#5224))
GLOBAL_UNIT_ASSIGNED_CONTEXT((#5281,#5262,#5243))
REPRESENTATION_CONTEXT('Mount_For_Right_Arm','TOP_LEVEL_ASSEMBLY_PART')
);
#5206=(
GEOMETRIC_REPRESENTATION_CONTEXT(3)
GLOBAL_UNCERTAINTY_ASSIGNED_CONTEXT((#5225))
GLOBAL_UNIT_ASSIGNED_CONTEXT((#5282,#5263,#5244))
REPRESENTATION_CONTEXT('Mount_For_Left_Arm','TOP_LEVEL_ASSEMBLY_PART')
);
#5207=(
GEOMETRIC_REPRESENTATION_CONTEXT(3)
GLOBAL_UNCERTAINTY_ASSIGNED_CONTEXT((#5226))
GLOBAL_UNIT_ASSIGNED_CONTEXT((#5283,#5264,#5245))
REPRESENTATION_CONTEXT('TVC_Tube','TOP_LEVEL_ASSEMBLY_PART')
);
#5208=(
GEOMETRIC_REPRESENTATION_CONTEXT(3)
GLOBAL_UNCERTAINTY_ASSIGNED_CONTEXT((#5227))
GLOBAL_UNIT_ASSIGNED_CONTEXT((#5284,#5265,#5246))
REPRESENTATION_CONTEXT('TVC_Servo_Left','TOP_LEVEL_ASSEMBLY_PART')
);
#5209=(
GEOMETRIC_REPRESENTATION_CONTEXT(3)
GLOBAL_UNCERTAINTY_ASSIGNED_CONTEXT((#5228))
GLOBAL_UNIT_ASSIGNED_CONTEXT((#5285,#5266,#5247))
REPRESENTATION_CONTEXT('Mount_For_Right_Arm','TOP_LEVEL_ASSEMBLY_PART')
);
#5210=(
GEOMETRIC_REPRESENTATION_CONTEXT(3)
GLOBAL_UNCERTAINTY_ASSIGNED_CONTEXT((#5229))
GLOBAL_UNIT_ASSIGNED_CONTEXT((#5286,#5267,#5248))
REPRESENTATION_CONTEXT('Pulley_TVC_2','TOP_LEVEL_ASSEMBLY_PART')
);
#5211=(
GEOMETRIC_REPRESENTATION_CONTEXT(3)
GLOBAL_UNCERTAINTY_ASSIGNED_CONTEXT((#5230))
GLOBAL_UNIT_ASSIGNED_CONTEXT((#5287,#5268,#5249))
REPRESENTATION_CONTEXT('Pulley_TVC_4','TOP_LEVEL_ASSEMBLY_PART')
);
#5212=(
GEOMETRIC_REPRESENTATION_CONTEXT(3)
GLOBAL_UNCERTAINTY_ASSIGNED_CONTEXT((#5231))
GLOBAL_UNIT_ASSIGNED_CONTEXT((#5288,#5269,#5250))
REPRESENTATION_CONTEXT('Part 19','TOP_LEVEL_ASSEMBLY_PART')
);
#5213=(
GEOMETRIC_REPRESENTATION_CONTEXT(3)
GLOBAL_UNCERTAINTY_ASSIGNED_CONTEXT((#5232))
GLOBAL_UNIT_ASSIGNED_CONTEXT((#5289,#5270,#5251))
REPRESENTATION_CONTEXT('Motor_Divider','TOP_LEVEL_ASSEMBLY_PART')
);
#5214=(
GEOMETRIC_REPRESENTATION_CONTEXT(3)
GLOBAL_UNCERTAINTY_ASSIGNED_CONTEXT((#5233))
GLOBAL_UNIT_ASSIGNED_CONTEXT((#5290,#5271,#5252))
REPRESENTATION_CONTEXT('XAxis_ServoMount','TOP_LEVEL_ASSEMBLY_PART')
);
#5215=(
GEOMETRIC_REPRESENTATION_CONTEXT(3)
GLOBAL_UNCERTAINTY_ASSIGNED_CONTEXT((#5234))
GLOBAL_UNIT_ASSIGNED_CONTEXT((#5291,#5272,#5253))
REPRESENTATION_CONTEXT('Pulley_TVC_3','TOP_LEVEL_ASSEMBLY_PART')
);
#5216=(
GEOMETRIC_REPRESENTATION_CONTEXT(3)
GLOBAL_UNCERTAINTY_ASSIGNED_CONTEXT((#5235))
GLOBAL_UNIT_ASSIGNED_CONTEXT((#5292,#5273,#5254))
REPRESENTATION_CONTEXT('Left_Throttle_Arm','TOP_LEVEL_ASSEMBLY_PART')
);
#5217=(
GEOMETRIC_REPRESENTATION_CONTEXT(3)
GLOBAL_UNCERTAINTY_ASSIGNED_CONTEXT((#5236))
GLOBAL_UNIT_ASSIGNED_CONTEXT((#5293,#5274,#5255))
REPRESENTATION_CONTEXT('Part 18','TOP_LEVEL_ASSEMBLY_PART')
);
#5218=(
GEOMETRIC_REPRESENTATION_CONTEXT(3)
GLOBAL_UNCERTAINTY_ASSIGNED_CONTEXT((#5237))
GLOBAL_UNIT_ASSIGNED_CONTEXT((#5294,#5275,#5256))
REPRESENTATION_CONTEXT('YAxis_ServoMount','TOP_LEVEL_ASSEMBLY_PART')
);
#5219=UNCERTAINTY_MEASURE_WITH_UNIT(LENGTH_MEASURE(1.E-8),#5276,
'DISTANCE_ACCURACY_VALUE','Maximum Tolerance applied to model');
#5220=UNCERTAINTY_MEASURE_WITH_UNIT(LENGTH_MEASURE(1.E-8),#5277,
'DISTANCE_ACCURACY_VALUE','Maximum Tolerance applied to model');
#5221=UNCERTAINTY_MEASURE_WITH_UNIT(LENGTH_MEASURE(1.E-8),#5278,
'DISTANCE_ACCURACY_VALUE','Maximum Tolerance applied to model');
#5222=UNCERTAINTY_MEASURE_WITH_UNIT(LENGTH_MEASURE(1.E-8),#5279,
'DISTANCE_ACCURACY_VALUE','Maximum Tolerance applied to model');
#5223=UNCERTAINTY_MEASURE_WITH_UNIT(LENGTH_MEASURE(1.E-8),#5280,
'DISTANCE_ACCURACY_VALUE','Maximum Tolerance applied to model');
#5224=UNCERTAINTY_MEASURE_WITH_UNIT(LENGTH_MEASURE(1.E-8),#5281,
'DISTANCE_ACCURACY_VALUE','Maximum Tolerance applied to model');
#5225=UNCERTAINTY_MEASURE_WITH_UNIT(LENGTH_MEASURE(1.E-8),#5282,
'DISTANCE_ACCURACY_VALUE','Maximum Tolerance applied to model');
#5226=UNCERTAINTY_MEASURE_WITH_UNIT(LENGTH_MEASURE(1.E-8),#5283,
'DISTANCE_ACCURACY_VALUE','Maximum Tolerance applied to model');
#5227=UNCERTAINTY_MEASURE_WITH_UNIT(LENGTH_MEASURE(1.E-8),#5284,
'DISTANCE_ACCURACY_VALUE','Maximum Tolerance applied to model');
#5228=UNCERTAINTY_MEASURE_WITH_UNIT(LENGTH_MEASURE(1.E-8),#5285,
'DISTANCE_ACCURACY_VALUE','Maximum Tolerance applied to model');
#5229=UNCERTAINTY_MEASURE_WITH_UNIT(LENGTH_MEASURE(1.E-8),#5286,
'DISTANCE_ACCURACY_VALUE','Maximum Tolerance applied to model');
#5230=UNCERTAINTY_MEASURE_WITH_UNIT(LENGTH_MEASURE(1.E-8),#5287,
'DISTANCE_ACCURACY_VALUE','Maximum Tolerance applied to model');
#5231=UNCERTAINTY_MEASURE_WITH_UNIT(LENGTH_MEASURE(1.E-8),#5288,
'DISTANCE_ACCURACY_VALUE','Maximum Tolerance applied to model');
#5232=UNCERTAINTY_MEASURE_WITH_UNIT(LENGTH_MEASURE(1.E-8),#5289,
'DISTANCE_ACCURACY_VALUE','Maximum Tolerance applied to model');
#5233=UNCERTAINTY_MEASURE_WITH_UNIT(LENGTH_MEASURE(1.E-8),#5290,
'DISTANCE_ACCURACY_VALUE','Maximum Tolerance applied to model');
#5234=UNCERTAINTY_MEASURE_WITH_UNIT(LENGTH_MEASURE(1.E-8),#5291,
'DISTANCE_ACCURACY_VALUE','Maximum Tolerance applied to model');
#5235=UNCERTAINTY_MEASURE_WITH_UNIT(LENGTH_MEASURE(1.E-8),#5292,
'DISTANCE_ACCURACY_VALUE','Maximum Tolerance applied to model');
#5236=UNCERTAINTY_MEASURE_WITH_UNIT(LENGTH_MEASURE(1.E-8),#5293,
'DISTANCE_ACCURACY_VALUE','Maximum Tolerance applied to model');
#5237=UNCERTAINTY_MEASURE_WITH_UNIT(LENGTH_MEASURE(1.E-8),#5294,
'DISTANCE_ACCURACY_VALUE','Maximum Tolerance applied to model');
#5238=(
NAMED_UNIT(*)
SI_UNIT($,.STERADIAN.)
SOLID_ANGLE_UNIT()
);
#5239=(
NAMED_UNIT(*)
SI_UNIT($,.STERADIAN.)
SOLID_ANGLE_UNIT()
);
#5240=(
NAMED_UNIT(*)
SI_UNIT($,.STERADIAN.)
SOLID_ANGLE_UNIT()
);
#5241=(
NAMED_UNIT(*)
SI_UNIT($,.STERADIAN.)
SOLID_ANGLE_UNIT()
);
#5242=(
NAMED_UNIT(*)
SI_UNIT($,.STERADIAN.)
SOLID_ANGLE_UNIT()
);
#5243=(
NAMED_UNIT(*)
SI_UNIT($,.STERADIAN.)
SOLID_ANGLE_UNIT()
);
#5244=(
NAMED_UNIT(*)
SI_UNIT($,.STERADIAN.)
SOLID_ANGLE_UNIT()
);
#5245=(
NAMED_UNIT(*)
SI_UNIT($,.STERADIAN.)
SOLID_ANGLE_UNIT()
);
#5246=(
NAMED_UNIT(*)
SI_UNIT($,.STERADIAN.)
SOLID_ANGLE_UNIT()
);
#5247=(
NAMED_UNIT(*)
SI_UNIT($,.STERADIAN.)
SOLID_ANGLE_UNIT()
);
#5248=(
NAMED_UNIT(*)
SI_UNIT($,.STERADIAN.)
SOLID_ANGLE_UNIT()
);
#5249=(
NAMED_UNIT(*)
SI_UNIT($,.STERADIAN.)
SOLID_ANGLE_UNIT()
);
#5250=(
NAMED_UNIT(*)
SI_UNIT($,.STERADIAN.)
SOLID_ANGLE_UNIT()
);
#5251=(
NAMED_UNIT(*)
SI_UNIT($,.STERADIAN.)
SOLID_ANGLE_UNIT()
);
#5252=(
NAMED_UNIT(*)
SI_UNIT($,.STERADIAN.)
SOLID_ANGLE_UNIT()
);
#5253=(
NAMED_UNIT(*)
SI_UNIT($,.STERADIAN.)
SOLID_ANGLE_UNIT()
);
#5254=(
NAMED_UNIT(*)
SI_UNIT($,.STERADIAN.)
SOLID_ANGLE_UNIT()
);
#5255=(
NAMED_UNIT(*)
SI_UNIT($,.STERADIAN.)
SOLID_ANGLE_UNIT()
);
#5256=(
NAMED_UNIT(*)
SI_UNIT($,.STERADIAN.)
SOLID_ANGLE_UNIT()
);
#5257=(
NAMED_UNIT(*)
PLANE_ANGLE_UNIT()
SI_UNIT($,.RADIAN.)
);
#5258=(
NAMED_UNIT(*)
PLANE_ANGLE_UNIT()
SI_UNIT($,.RADIAN.)
);
#5259=(
NAMED_UNIT(*)
PLANE_ANGLE_UNIT()
SI_UNIT($,.RADIAN.)
);
#5260=(
NAMED_UNIT(*)
PLANE_ANGLE_UNIT()
SI_UNIT($,.RADIAN.)
);
#5261=(
NAMED_UNIT(*)
PLANE_ANGLE_UNIT()
SI_UNIT($,.RADIAN.)
);
#5262=(
NAMED_UNIT(*)
PLANE_ANGLE_UNIT()
SI_UNIT($,.RADIAN.)
);
#5263=(
NAMED_UNIT(*)
PLANE_ANGLE_UNIT()
SI_UNIT($,.RADIAN.)
);
#5264=(
NAMED_UNIT(*)
PLANE_ANGLE_UNIT()
SI_UNIT($,.RADIAN.)
);
#5265=(
NAMED_UNIT(*)
PLANE_ANGLE_UNIT()
SI_UNIT($,.RADIAN.)
);
#5266=(
NAMED_UNIT(*)
PLANE_ANGLE_UNIT()
SI_UNIT($,.RADIAN.)
);
#5267=(
NAMED_UNIT(*)
PLANE_ANGLE_UNIT()
SI_UNIT($,.RADIAN.)
);
#5268=(
NAMED_UNIT(*)
PLANE_ANGLE_UNIT()
SI_UNIT($,.RADIAN.)
);
#5269=(
NAMED_UNIT(*)
PLANE_ANGLE_UNIT()
SI_UNIT($,.RADIAN.)
);
#5270=(
NAMED_UNIT(*)
PLANE_ANGLE_UNIT()
SI_UNIT($,.RADIAN.)
);
#5271=(
NAMED_UNIT(*)
PLANE_ANGLE_UNIT()
SI_UNIT($,.RADIAN.)
);
#5272=(
NAMED_UNIT(*)
PLANE_ANGLE_UNIT()
SI_UNIT($,.RADIAN.)
);
#5273=(
NAMED_UNIT(*)
PLANE_ANGLE_UNIT()
SI_UNIT($,.RADIAN.)
);
#5274=(
NAMED_UNIT(*)
PLANE_ANGLE_UNIT()
SI_UNIT($,.RADIAN.)
);
#5275=(
NAMED_UNIT(*)
PLANE_ANGLE_UNIT()
SI_UNIT($,.RADIAN.)
);
#5276=(
LENGTH_UNIT()
NAMED_UNIT(*)
SI_UNIT($,.METRE.)
);
#5277=(
LENGTH_UNIT()
NAMED_UNIT(*)
SI_UNIT($,.METRE.)
);
#5278=(
LENGTH_UNIT()
NAMED_UNIT(*)
SI_UNIT($,.METRE.)
);
#5279=(
LENGTH_UNIT()
NAMED_UNIT(*)
SI_UNIT($,.METRE.)
);
#5280=(
LENGTH_UNIT()
NAMED_UNIT(*)
SI_UNIT($,.METRE.)
);
#5281=(
LENGTH_UNIT()
NAMED_UNIT(*)
SI_UNIT($,.METRE.)
);
#5282=(
LENGTH_UNIT()
NAMED_UNIT(*)
SI_UNIT($,.METRE.)
);
#5283=(
LENGTH_UNIT()
NAMED_UNIT(*)
SI_UNIT($,.METRE.)
);
#5284=(
LENGTH_UNIT()
NAMED_UNIT(*)
SI_UNIT($,.METRE.)
);
#5285=(
LENGTH_UNIT()
NAMED_UNIT(*)
SI_UNIT($,.METRE.)
);
#5286=(
LENGTH_UNIT()
NAMED_UNIT(*)
SI_UNIT($,.METRE.)
);
#5287=(
LENGTH_UNIT()
NAMED_UNIT(*)
SI_UNIT($,.METRE.)
);
#5288=(
LENGTH_UNIT()
NAMED_UNIT(*)
SI_UNIT($,.METRE.)
);
#5289=(
LENGTH_UNIT()
NAMED_UNIT(*)
SI_UNIT($,.METRE.)
);
#5290=(
LENGTH_UNIT()
NAMED_UNIT(*)
SI_UNIT($,.METRE.)
);
#5291=(
LENGTH_UNIT()
NAMED_UNIT(*)
SI_UNIT($,.METRE.)
);
#5292=(
LENGTH_UNIT()
NAMED_UNIT(*)
SI_UNIT($,.METRE.)
);
#5293=(
LENGTH_UNIT()
NAMED_UNIT(*)
SI_UNIT($,.METRE.)
);
#5294=(
LENGTH_UNIT()
NAMED_UNIT(*)
SI_UNIT($,.METRE.)
);
#5295=PRODUCT_DEFINITION_SHAPE('','',#5314);
#5296=PRODUCT_DEFINITION_SHAPE('','',#5315);
#5297=PRODUCT_DEFINITION_SHAPE('','',#5316);
#5298=PRODUCT_DEFINITION_SHAPE('','',#5317);
#5299=PRODUCT_DEFINITION_SHAPE('','',#5318);
#5300=PRODUCT_DEFINITION_SHAPE('','',#5319);
#5301=PRODUCT_DEFINITION_SHAPE('','',#5320);
#5302=PRODUCT_DEFINITION_SHAPE('','',#5321);
#5303=PRODUCT_DEFINITION_SHAPE('','',#5322);
#5304=PRODUCT_DEFINITION_SHAPE('','',#5323);
#5305=PRODUCT_DEFINITION_SHAPE('','',#5324);
#5306=PRODUCT_DEFINITION_SHAPE('','',#5325);
#5307=PRODUCT_DEFINITION_SHAPE('','',#5326);
#5308=PRODUCT_DEFINITION_SHAPE('','',#5327);
#5309=PRODUCT_DEFINITION_SHAPE('','',#5328);
#5310=PRODUCT_DEFINITION_SHAPE('','',#5329);
#5311=PRODUCT_DEFINITION_SHAPE('','',#5330);
#5312=PRODUCT_DEFINITION_SHAPE('','',#5331);
#5313=PRODUCT_DEFINITION_SHAPE('','',#5332);
#5314=PRODUCT_DEFINITION('','',#5352,#5333);
#5315=PRODUCT_DEFINITION('','',#5353,#5334);
#5316=PRODUCT_DEFINITION('','',#5354,#5335);
#5317=PRODUCT_DEFINITION('','',#5355,#5336);
#5318=PRODUCT_DEFINITION('','',#5356,#5337);
#5319=PRODUCT_DEFINITION('','',#5357,#5338);
#5320=PRODUCT_DEFINITION('','',#5358,#5339);
#5321=PRODUCT_DEFINITION('','',#5359,#5340);
#5322=PRODUCT_DEFINITION('','',#5360,#5341);
#5323=PRODUCT_DEFINITION('','',#5361,#5342);
#5324=PRODUCT_DEFINITION('','',#5362,#5343);
#5325=PRODUCT_DEFINITION('','',#5363,#5344);
#5326=PRODUCT_DEFINITION('','',#5364,#5345);
#5327=PRODUCT_DEFINITION('','',#5365,#5346);
#5328=PRODUCT_DEFINITION('','',#5366,#5347);
#5329=PRODUCT_DEFINITION('','',#5367,#5348);
#5330=PRODUCT_DEFINITION('','',#5368,#5349);
#5331=PRODUCT_DEFINITION('','',#5369,#5350);
#5332=PRODUCT_DEFINITION('','',#5370,#5351);
#5333=PRODUCT_DEFINITION_CONTEXT('',#5466,'design');
#5334=PRODUCT_DEFINITION_CONTEXT('',#5467,'design');
#5335=PRODUCT_DEFINITION_CONTEXT('',#5468,'design');
#5336=PRODUCT_DEFINITION_CONTEXT('',#5469,'design');
#5337=PRODUCT_DEFINITION_CONTEXT('',#5470,'design');
#5338=PRODUCT_DEFINITION_CONTEXT('',#5471,'design');
#5339=PRODUCT_DEFINITION_CONTEXT('',#5472,'design');
#5340=PRODUCT_DEFINITION_CONTEXT('',#5473,'design');
#5341=PRODUCT_DEFINITION_CONTEXT('',#5474,'design');
#5342=PRODUCT_DEFINITION_CONTEXT('',#5475,'design');
#5343=PRODUCT_DEFINITION_CONTEXT('',#5476,'design');
#5344=PRODUCT_DEFINITION_CONTEXT('',#5477,'design');
#5345=PRODUCT_DEFINITION_CONTEXT('',#5478,'design');
#5346=PRODUCT_DEFINITION_CONTEXT('',#5479,'design');
#5347=PRODUCT_DEFINITION_CONTEXT('',#5480,'design');
#5348=PRODUCT_DEFINITION_CONTEXT('',#5481,'design');
#5349=PRODUCT_DEFINITION_CONTEXT('',#5482,'design');
#5350=PRODUCT_DEFINITION_CONTEXT('',#5483,'design');
#5351=PRODUCT_DEFINITION_CONTEXT('',#5484,'design');
#5352=PRODUCT_DEFINITION_FORMATION_WITH_SPECIFIED_SOURCE('','',#5390,
 .NOT_KNOWN.);
#5353=PRODUCT_DEFINITION_FORMATION_WITH_SPECIFIED_SOURCE('','',#5391,
 .NOT_KNOWN.);
#5354=PRODUCT_DEFINITION_FORMATION_WITH_SPECIFIED_SOURCE('','',#5392,
 .NOT_KNOWN.);
#5355=PRODUCT_DEFINITION_FORMATION_WITH_SPECIFIED_SOURCE('','',#5393,
 .NOT_KNOWN.);
#5356=PRODUCT_DEFINITION_FORMATION_WITH_SPECIFIED_SOURCE('','',#5394,
 .NOT_KNOWN.);
#5357=PRODUCT_DEFINITION_FORMATION_WITH_SPECIFIED_SOURCE('','',#5395,
 .NOT_KNOWN.);
#5358=PRODUCT_DEFINITION_FORMATION_WITH_SPECIFIED_SOURCE('','',#5396,
 .NOT_KNOWN.);
#5359=PRODUCT_DEFINITION_FORMATION_WITH_SPECIFIED_SOURCE('','',#5397,
 .NOT_KNOWN.);
#5360=PRODUCT_DEFINITION_FORMATION_WITH_SPECIFIED_SOURCE('','',#5398,
 .NOT_KNOWN.);
#5361=PRODUCT_DEFINITION_FORMATION_WITH_SPECIFIED_SOURCE('','',#5399,
 .NOT_KNOWN.);
#5362=PRODUCT_DEFINITION_FORMATION_WITH_SPECIFIED_SOURCE('','',#5400,
 .NOT_KNOWN.);
#5363=PRODUCT_DEFINITION_FORMATION_WITH_SPECIFIED_SOURCE('','',#5401,
 .NOT_KNOWN.);
#5364=PRODUCT_DEFINITION_FORMATION_WITH_SPECIFIED_SOURCE('','',#5402,
 .NOT_KNOWN.);
#5365=PRODUCT_DEFINITION_FORMATION_WITH_SPECIFIED_SOURCE('','',#5403,
 .NOT_KNOWN.);
#5366=PRODUCT_DEFINITION_FORMATION_WITH_SPECIFIED_SOURCE('','',#5404,
 .NOT_KNOWN.);
#5367=PRODUCT_DEFINITION_FORMATION_WITH_SPECIFIED_SOURCE('','',#5405,
 .NOT_KNOWN.);
#5368=PRODUCT_DEFINITION_FORMATION_WITH_SPECIFIED_SOURCE('','',#5406,
 .NOT_KNOWN.);
#5369=PRODUCT_DEFINITION_FORMATION_WITH_SPECIFIED_SOURCE('','',#5407,
 .NOT_KNOWN.);
#5370=PRODUCT_DEFINITION_FORMATION_WITH_SPECIFIED_SOURCE('','',#5408,
 .NOT_KNOWN.);
#5371=PRODUCT_RELATED_PRODUCT_CATEGORY('','',(#5390));
#5372=PRODUCT_RELATED_PRODUCT_CATEGORY('','',(#5391));
#5373=PRODUCT_RELATED_PRODUCT_CATEGORY('','',(#5392));
#5374=PRODUCT_RELATED_PRODUCT_CATEGORY('','',(#5393));
#5375=PRODUCT_RELATED_PRODUCT_CATEGORY('','',(#5394));
#5376=PRODUCT_RELATED_PRODUCT_CATEGORY('','',(#5395));
#5377=PRODUCT_RELATED_PRODUCT_CATEGORY('','',(#5396));
#5378=PRODUCT_RELATED_PRODUCT_CATEGORY('','',(#5397));
#5379=PRODUCT_RELATED_PRODUCT_CATEGORY('','',(#5398));
#5380=PRODUCT_RELATED_PRODUCT_CATEGORY('','',(#5399));
#5381=PRODUCT_RELATED_PRODUCT_CATEGORY('','',(#5400));
#5382=PRODUCT_RELATED_PRODUCT_CATEGORY('','',(#5401));
#5383=PRODUCT_RELATED_PRODUCT_CATEGORY('','',(#5402));
#5384=PRODUCT_RELATED_PRODUCT_CATEGORY('','',(#5403));
#5385=PRODUCT_RELATED_PRODUCT_CATEGORY('','',(#5404));
#5386=PRODUCT_RELATED_PRODUCT_CATEGORY('','',(#5405));
#5387=PRODUCT_RELATED_PRODUCT_CATEGORY('','',(#5406));
#5388=PRODUCT_RELATED_PRODUCT_CATEGORY('','',(#5407));
#5389=PRODUCT_RELATED_PRODUCT_CATEGORY('','',(#5408));
#5390=PRODUCT('Right_Throttle_Arm','Right_Throttle_Arm',
'Right_Throttle_Arm',(#5428));
#5391=PRODUCT('Mount_For_Left_Arm','Mount_For_Left_Arm',
'Mount_For_Left_Arm',(#5429));
#5392=PRODUCT('Rocket_Frame','Rocket_Frame','Rocket_Frame',(#5430));
#5393=PRODUCT('TVC_Servo_Right','TVC_Servo_Right','TVC_Servo_Right',(#5431));
#5394=PRODUCT('Pulley_TVC_1','Pulley_TVC_1','Pulley_TVC_1',(#5432));
#5395=PRODUCT('Mount_For_Right_Arm','Mount_For_Right_Arm',
'Mount_For_Right_Arm',(#5433));
#5396=PRODUCT('Mount_For_Left_Arm','Mount_For_Left_Arm',
'Mount_For_Left_Arm',(#5434));
#5397=PRODUCT('TVC_Tube','TVC_Tube','TVC_Tube',(#5435));
#5398=PRODUCT('TVC_Servo_Left','TVC_Servo_Left','TVC_Servo_Left',(#5436));
#5399=PRODUCT('Mount_For_Right_Arm','Mount_For_Right_Arm',
'Mount_For_Right_Arm',(#5437));
#5400=PRODUCT('Pulley_TVC_2','Pulley_TVC_2','Pulley_TVC_2',(#5438));
#5401=PRODUCT('Pulley_TVC_4','Pulley_TVC_4','Pulley_TVC_4',(#5439));
#5402=PRODUCT('Part 19','Part 19','Part 19',(#5440));
#5403=PRODUCT('Motor_Divider','Motor_Divider','Motor_Divider',(#5441));
#5404=PRODUCT('XAxis_ServoMount','XAxis_ServoMount','XAxis_ServoMount',
(#5442));
#5405=PRODUCT('Pulley_TVC_3','Pulley_TVC_3','Pulley_TVC_3',(#5443));
#5406=PRODUCT('Left_Throttle_Arm','Left_Throttle_Arm',
'Left_Throttle_Arm',(#5444));
#5407=PRODUCT('Part 18','Part 18','Part 18',(#5445));
#5408=PRODUCT('YAxis_ServoMount','YAxis_ServoMount','YAxis_ServoMount',
(#5446));
#5409=PRODUCT_CATEGORY('','');
#5410=PRODUCT_CATEGORY('','');
#5411=PRODUCT_CATEGORY('','');
#5412=PRODUCT_CATEGORY('','');
#5413=PRODUCT_CATEGORY('','');
#5414=PRODUCT_CATEGORY('','');
#5415=PRODUCT_CATEGORY('','');
#5416=PRODUCT_CATEGORY('','');
#5417=PRODUCT_CATEGORY('','');
#5418=PRODUCT_CATEGORY('','');
#5419=PRODUCT_CATEGORY('','');
#5420=PRODUCT_CATEGORY('','');
#5421=PRODUCT_CATEGORY('','');
#5422=PRODUCT_CATEGORY('','');
#5423=PRODUCT_CATEGORY('','');
#5424=PRODUCT_CATEGORY('','');
#5425=PRODUCT_CATEGORY('','');
#5426=PRODUCT_CATEGORY('','');
#5427=PRODUCT_CATEGORY('','');
#5428=PRODUCT_CONTEXT('',#5466,'mechanical');
#5429=PRODUCT_CONTEXT('',#5467,'mechanical');
#5430=PRODUCT_CONTEXT('',#5468,'mechanical');
#5431=PRODUCT_CONTEXT('',#5469,'mechanical');
#5432=PRODUCT_CONTEXT('',#5470,'mechanical');
#5433=PRODUCT_CONTEXT('',#5471,'mechanical');
#5434=PRODUCT_CONTEXT('',#5472,'mechanical');
#5435=PRODUCT_CONTEXT('',#5473,'mechanical');
#5436=PRODUCT_CONTEXT('',#5474,'mechanical');
#5437=PRODUCT_CONTEXT('',#5475,'mechanical');
#5438=PRODUCT_CONTEXT('',#5476,'mechanical');
#5439=PRODUCT_CONTEXT('',#5477,'mechanical');
#5440=PRODUCT_CONTEXT('',#5478,'mechanical');
#5441=PRODUCT_CONTEXT('',#5479,'mechanical');
#5442=PRODUCT_CONTEXT('',#5480,'mechanical');
#5443=PRODUCT_CONTEXT('',#5481,'mechanical');
#5444=PRODUCT_CONTEXT('',#5482,'mechanical');
#5445=PRODUCT_CONTEXT('',#5483,'mechanical');
#5446=PRODUCT_CONTEXT('',#5484,'mechanical');
#5447=APPLICATION_PROTOCOL_DEFINITION('international standard',
'ap242_managed_model_based_3d_engineering',2020,#5466);
#5448=APPLICATION_PROTOCOL_DEFINITION('international standard',
'ap242_managed_model_based_3d_engineering',2020,#5467);
#5449=APPLICATION_PROTOCOL_DEFINITION('international standard',
'ap242_managed_model_based_3d_engineering',2020,#5468);
#5450=APPLICATION_PROTOCOL_DEFINITION('international standard',
'ap242_managed_model_based_3d_engineering',2020,#5469);
#5451=APPLICATION_PROTOCOL_DEFINITION('international standard',
'ap242_managed_model_based_3d_engineering',2020,#5470);
#5452=APPLICATION_PROTOCOL_DEFINITION('international standard',
'ap242_managed_model_based_3d_engineering',2020,#5471);
#5453=APPLICATION_PROTOCOL_DEFINITION('international standard',
'ap242_managed_model_based_3d_engineering',2020,#5472);
#5454=APPLICATION_PROTOCOL_DEFINITION('international standard',
'ap242_managed_model_based_3d_engineering',2020,#5473);
#5455=APPLICATION_PROTOCOL_DEFINITION('international standard',
'ap242_managed_model_based_3d_engineering',2020,#5474);
#5456=APPLICATION_PROTOCOL_DEFINITION('international standard',
'ap242_managed_model_based_3d_engineering',2020,#5475);
#5457=APPLICATION_PROTOCOL_DEFINITION('international standard',
'ap242_managed_model_based_3d_engineering',2020,#5476);
#5458=APPLICATION_PROTOCOL_DEFINITION('international standard',
'ap242_managed_model_based_3d_engineering',2020,#5477);
#5459=APPLICATION_PROTOCOL_DEFINITION('international standard',
'ap242_managed_model_based_3d_engineering',2020,#5478);
#5460=APPLICATION_PROTOCOL_DEFINITION('international standard',
'ap242_managed_model_based_3d_engineering',2020,#5479);
#5461=APPLICATION_PROTOCOL_DEFINITION('international standard',
'ap242_managed_model_based_3d_engineering',2020,#5480);
#5462=APPLICATION_PROTOCOL_DEFINITION('international standard',
'ap242_managed_model_based_3d_engineering',2020,#5481);
#5463=APPLICATION_PROTOCOL_DEFINITION('international standard',
'ap242_managed_model_based_3d_engineering',2020,#5482);
#5464=APPLICATION_PROTOCOL_DEFINITION('international standard',
'ap242_managed_model_based_3d_engineering',2020,#5483);
#5465=APPLICATION_PROTOCOL_DEFINITION('international standard',
'ap242_managed_model_based_3d_engineering',2020,#5484);
#5466=APPLICATION_CONTEXT('managed model based 3d engineering');
#5467=APPLICATION_CONTEXT('managed model based 3d engineering');
#5468=APPLICATION_CONTEXT('managed model based 3d engineering');
#5469=APPLICATION_CONTEXT('managed model based 3d engineering');
#5470=APPLICATION_CONTEXT('managed model based 3d engineering');
#5471=APPLICATION_CONTEXT('managed model based 3d engineering');
#5472=APPLICATION_CONTEXT('managed model based 3d engineering');
#5473=APPLICATION_CONTEXT('managed model based 3d engineering');
#5474=APPLICATION_CONTEXT('managed model based 3d engineering');
#5475=APPLICATION_CONTEXT('managed model based 3d engineering');
#5476=APPLICATION_CONTEXT('managed model based 3d engineering');
#5477=APPLICATION_CONTEXT('managed model based 3d engineering');
#5478=APPLICATION_CONTEXT('managed model based 3d engineering');
#5479=APPLICATION_CONTEXT('managed model based 3d engineering');
#5480=APPLICATION_CONTEXT('managed model based 3d engineering');
#5481=APPLICATION_CONTEXT('managed model based 3d engineering');
#5482=APPLICATION_CONTEXT('managed model based 3d engineering');
#5483=APPLICATION_CONTEXT('managed model based 3d engineering');
#5484=APPLICATION_CONTEXT('managed model based 3d engineering');
ENDSEC;
END-ISO-10303-21;
